state,date,price,macd_12,macd_26,ema_100,rsi_6,opening_0,closing_0,min_0,max_0,opening_1,closing_1,min_1,max_1,opening_2,closing_2,min_2,max_2,opening_3,closing_3,min_3,max_3,opening_4,closing_4,min_4,max_4,opening_5,closing_5,min_5,max_5,opening_6,closing_6,min_6,max_6,opening_7,closing_7,min_7,max_7,opening_8,closing_8,min_8,max_8,opening_9,closing_9,min_9,max_9,opening_10,closing_10,min_10,max_10,opening_11,closing_11,min_11,max_11,opening_12,closing_12,min_12,max_12,opening_13,closing_13,min_13,max_13,opening_14,closing_14,min_14,max_14
LONG,2024-01-08 19:32:06,2269.27,9.888092106179101,9.329309651773224,2236.230401089579,60.22269849183493,2265.2,2266.78,2259.31,2268.9,2266.78,2271.08,2262.66,2275.0,2271.07,2267.12,2263.68,2272.99,2267.12,2265.47,2259.63,2269.22,2265.48,2264.99,2258.0,2268.52,2264.98,2267.89,2261.47,2268.88,2267.9,2264.39,2263.0,2272.71,2264.39,2261.18,2256.07,2265.99,2261.18,2262.18,2256.03,2263.95,2262.17,2261.06,2258.48,2264.4,2261.07,2272.64,2261.06,2283.02,2272.65,2269.59,2266.64,2275.0,2269.59,2270.76,2269.59,2285.0,2270.75,2269.34,2266.6,2272.06,2269.35,2269.27,2268.6,2271.1
LONG,2024-01-08 20:43:26,2280.49,8.676612025977647,9.072038232320383,2238.8012056985126,76.93185246649968,2265.48,2264.99,2258.0,2268.52,2264.98,2267.89,2261.47,2268.88,2267.9,2264.39,2263.0,2272.71,2264.39,2261.18,2256.07,2265.99,2261.18,2262.18,2256.03,2263.95,2262.17,2261.06,2258.48,2264.4,2261.07,2272.64,2261.06,2283.02,2272.65,2269.59,2266.64,2275.0,2269.59,2270.76,2269.59,2285.0,2270.75,2269.34,2266.6,2272.06,2269.35,2264.27,2260.6,2271.1,2264.26,2263.63,2259.39,2265.19,2263.63,2267.66,2261.24,2267.8,2267.67,2271.03,2264.58,2272.7,2271.03,2280.83,2268.78,2281.53
LONG,2024-01-08 20:51:41,2295.01,10.171025941307107,9.15393714952788,2239.914247209041,86.08270430760436,2264.98,2267.89,2261.47,2268.88,2267.9,2264.39,2263.0,2272.71,2264.39,2261.18,2256.07,2265.99,2261.18,2262.18,2256.03,2263.95,2262.17,2261.06,2258.48,2264.4,2261.07,2272.64,2261.06,2283.02,2272.65,2269.59,2266.64,2275.0,2269.59,2270.76,2269.59,2285.0,2270.75,2269.34,2266.6,2272.06,2269.35,2264.27,2260.6,2271.1,2264.26,2263.63,2259.39,2265.19,2263.63,2267.66,2261.24,2267.8,2267.67,2271.03,2264.58,2272.7,2271.03,2280.57,2268.78,2281.53,2280.58,2295.39,2278.43,2296.43
LONG,2024-01-08 20:59:51,2306.23,11.105156995437937,9.223132042426462,2240.155039288249,89.56817965690553,2264.98,2267.89,2261.47,2268.88,2267.9,2264.39,2263.0,2272.71,2264.39,2261.18,2256.07,2265.99,2261.18,2262.18,2256.03,2263.95,2262.17,2261.06,2258.48,2264.4,2261.07,2272.64,2261.06,2283.02,2272.65,2269.59,2266.64,2275.0,2269.59,2270.76,2269.59,2285.0,2270.75,2269.34,2266.6,2272.06,2269.35,2264.27,2260.6,2271.1,2264.26,2263.63,2259.39,2265.19,2263.63,2267.66,2261.24,2267.8,2267.67,2271.03,2264.58,2272.7,2271.03,2280.57,2268.78,2281.53,2280.58,2307.68,2278.43,2307.69
LONG,2024-01-08 21:24:54,2318.51,15.40979599064849,9.962888064530476,2243.1094238930923,92.13440025889217,2264.39,2261.18,2256.07,2265.99,2261.18,2262.18,2256.03,2263.95,2262.17,2261.06,2258.48,2264.4,2261.07,2272.64,2261.06,2283.02,2272.65,2269.59,2266.64,2275.0,2269.59,2270.76,2269.59,2285.0,2270.75,2269.34,2266.6,2272.06,2269.35,2264.27,2260.6,2271.1,2264.26,2263.63,2259.39,2265.19,2263.63,2267.66,2261.24,2267.8,2267.67,2271.03,2264.58,2272.7,2271.03,2280.57,2268.78,2281.53,2280.58,2306.82,2278.43,2307.69,2306.82,2312.21,2305.3,2320.0,2312.2,2319.46,2309.64,2319.8
LONG,2024-01-08 21:36:34,2331.61,17.964058473216028,10.563391364630219,2244.887055142342,94.08570300277444,2261.18,2262.18,2256.03,2263.95,2262.17,2261.06,2258.48,2264.4,2261.07,2272.64,2261.06,2283.02,2272.65,2269.59,2266.64,2275.0,2269.59,2270.76,2269.59,2285.0,2270.75,2269.34,2266.6,2272.06,2269.35,2264.27,2260.6,2271.1,2264.26,2263.63,2259.39,2265.19,2263.63,2267.66,2261.24,2267.8,2267.67,2271.03,2264.58,2272.7,2271.03,2280.57,2268.78,2281.53,2280.58,2306.82,2278.43,2307.69,2306.82,2312.21,2305.3,2320.0,2312.2,2320.07,2309.64,2320.67,2320.06,2331.81,2319.18,2334.24
LONG,2024-01-08 22:15:40,2344.3,23.587571863560242,12.987648923109681,2250.556049671897,92.76164775844535,2272.65,2269.59,2266.64,2275.0,2269.59,2270.76,2269.59,2285.0,2270.75,2269.34,2266.6,2272.06,2269.35,2264.27,2260.6,2271.1,2264.26,2263.63,2259.39,2265.19,2263.63,2267.66,2261.24,2267.8,2267.67,2271.03,2264.58,2272.7,2271.03,2280.57,2268.78,2281.53,2280.58,2306.82,2278.43,2307.69,2306.82,2312.21,2305.3,2320.0,2312.2,2320.07,2309.64,2320.67,2320.06,2337.59,2319.18,2340.32,2337.59,2335.99,2320.39,2337.96,2335.98,2342.34,2323.29,2343.7,2342.34,2342.74,2341.6,2345.66
SHORT,2024-01-08 22:32:11,2355.09,25.22296224530919,13.893311868130406,2252.656751364503,94.80715093575044,2269.59,2270.76,2269.59,2285.0,2270.75,2269.34,2266.6,2272.06,2269.35,2264.27,2260.6,2271.1,2264.26,2263.63,2259.39,2265.19,2263.63,2267.66,2261.24,2267.8,2267.67,2271.03,2264.58,2272.7,2271.03,2280.57,2268.78,2281.53,2280.58,2306.82,2278.43,2307.69,2306.82,2312.21,2305.3,2320.0,2312.2,2320.07,2309.64,2320.67,2320.06,2337.59,2319.18,2340.32,2337.59,2335.99,2320.39,2337.96,2335.98,2342.34,2323.29,2343.7,2342.34,2344.18,2336.15,2352.18,2344.17,2355.8,2344.17,2355.81
SHORT,2024-01-09 01:29:53,2337.31,15.872947320389358,17.87487030938882,2270.227441857659,49.76569996722731,2337.59,2335.99,2320.39,2337.96,2335.98,2342.34,2323.29,2343.7,2342.34,2344.18,2336.15,2352.18,2344.17,2351.89,2344.17,2358.2,2351.89,2354.56,2349.4,2357.1,2354.57,2349.6,2346.83,2357.79,2349.61,2348.71,2344.26,2350.78,2348.71,2346.63,2345.46,2353.2,2346.63,2336.4,2334.23,2347.51,2336.39,2333.69,2332.71,2338.76,2333.69,2336.59,2333.68,2341.32,2336.59,2345.22,2335.88,2347.39,2345.23,2337.08,2336.5,2346.06,2337.08,2338.38,2332.9,2339.98,2338.38,2337.1,2334.14,2342.57
SHORT,2024-01-09 03:22:46,2325.65,6.8516166450112905,14.334593110518936,2279.383389842241,32.99123755052455,2346.63,2336.4,2334.23,2347.51,2336.39,2333.69,2332.71,2338.76,2333.69,2336.59,2333.68,2341.32,2336.59,2345.22,2335.88,2347.39,2345.23,2337.08,2336.5,2346.06,2337.08,2338.38,2332.9,2339.98,2338.38,2337.1,2334.14,2342.57,2337.1,2337.02,2333.48,2337.43,2337.01,2337.63,2335.23,2338.0,2337.63,2333.58,2325.36,2337.63,2333.58,2329.31,2327.78,2335.38,2329.31,2329.31,2327.0,2330.53,2329.31,2330.44,2328.96,2332.46,2330.43,2335.67,2327.0,2336.7,2335.66,2325.43,2324.74,2335.88
SHORT,2024-01-09 03:33:04,2313.36,4.565721692799343,13.590674348715675,2280.009133911633,22.252598361286882,2336.39,2333.69,2332.71,2338.76,2333.69,2336.59,2333.68,2341.32,2336.59,2345.22,2335.88,2347.39,2345.23,2337.08,2336.5,2346.06,2337.08,2338.38,2332.9,2339.98,2338.38,2337.1,2334.14,2342.57,2337.1,2337.02,2333.48,2337.43,2337.01,2337.63,2335.23,2338.0,2337.63,2333.58,2325.36,2337.63,2333.58,2329.31,2327.78,2335.38,2329.31,2329.31,2327.0,2330.53,2329.31,2330.44,2328.96,2332.46,2330.43,2335.67,2327.0,2336.7,2335.66,2321.73,2316.75,2335.88,2321.73,2314.31,2308.2,2323.91
LONG,2024-01-09 03:37:54,2297.65,3.3380293851068927,13.499734177775494,2279.665371535395,14.137103218581187,2336.39,2333.69,2332.71,2338.76,2333.69,2336.59,2333.68,2341.32,2336.59,2345.22,2335.88,2347.39,2345.23,2337.08,2336.5,2346.06,2337.08,2338.38,2332.9,2339.98,2338.38,2337.1,2334.14,2342.57,2337.1,2337.02,2333.48,2337.43,2337.01,2337.63,2335.23,2338.0,2337.63,2333.58,2325.36,2337.63,2333.58,2329.31,2327.78,2335.38,2329.31,2329.31,2327.0,2330.53,2329.31,2330.44,2328.96,2332.46,2330.43,2335.67,2327.0,2336.7,2335.66,2321.73,2316.75,2335.88,2321.73,2296.34,2296.01,2323.91
LONG,2024-01-09 03:56:26,2307.39,2.0602231699053846,12.698924061888015,2280.3927663937275,19.429058960133087,2333.69,2336.59,2333.68,2341.32,2336.59,2345.22,2335.88,2347.39,2345.23,2337.08,2336.5,2346.06,2337.08,2338.38,2332.9,2339.98,2338.38,2337.1,2334.14,2342.57,2337.1,2337.02,2333.48,2337.43,2337.01,2337.63,2335.23,2338.0,2337.63,2333.58,2325.36,2337.63,2333.58,2329.31,2327.78,2335.38,2329.31,2329.31,2327.0,2330.53,2329.31,2330.44,2328.96,2332.46,2330.43,2335.67,2327.0,2336.7,2335.66,2321.73,2316.75,2335.88,2321.73,2306.41,2289.98,2323.91,2306.41,2307.13,2296.13,2308.7
SHORT,2024-01-09 08:02:53,2318.09,-1.663471851079521,1.5845946543442242,2289.0220042029496,66.23226702067997,2302.68,2301.46,2296.56,2304.1,2301.46,2309.36,2297.92,2309.63,2309.35,2307.69,2306.0,2312.23,2307.68,2312.72,2307.68,2315.41,2312.73,2314.57,2310.22,2316.6,2314.57,2312.1,2310.29,2315.75,2312.09,2308.78,2307.02,2312.4,2308.8,2313.97,2307.3,2314.69,2313.98,2311.69,2310.83,2314.42,2311.69,2309.13,2308.67,2312.9,2309.12,2306.31,2303.9,2310.88,2306.3,2305.28,2300.4,2306.8,2305.27,2311.99,2304.32,2312.34,2312.0,2315.2,2311.78,2318.0,2315.2,2318.08,2315.14,2319.01
SHORT,2024-01-09 08:42:31,2305.34,-2.5367091783605247,0.9778201850374533,2289.59389735864,36.249763310176,2309.35,2307.69,2306.0,2312.23,2307.68,2312.72,2307.68,2315.41,2312.73,2314.57,2310.22,2316.6,2314.57,2312.1,2310.29,2315.75,2312.09,2308.78,2307.02,2312.4,2308.8,2313.97,2307.3,2314.69,2313.98,2311.69,2310.83,2314.42,2311.69,2309.13,2308.67,2312.9,2309.12,2306.31,2303.9,2310.88,2306.3,2305.28,2300.4,2306.8,2305.27,2311.99,2304.32,2312.34,2312.0,2315.2,2311.78,2318.0,2315.2,2310.31,2310.3,2319.01,2310.3,2309.75,2308.42,2312.2,2309.76,2305.05,2304.96,2312.07
SHORT,2024-01-09 11:54:51,2294.22,-3.4254919147124383,-1.4452413271565068,2292.8210679148588,28.866076454998513,2310.3,2309.75,2308.42,2312.2,2309.76,2304.61,2303.34,2312.07,2304.62,2308.77,2301.4,2308.89,2308.77,2307.43,2301.53,2309.08,2307.43,2303.53,2302.21,2307.73,2303.54,2301.91,2299.77,2304.48,2301.91,2302.0,2297.26,2304.28,2302.0,2302.19,2298.58,2302.62,2302.2,2309.23,2300.72,2310.64,2309.24,2306.76,2305.9,2309.63,2306.76,2306.05,2306.04,2308.64,2306.05,2302.63,2300.48,2306.05,2302.62,2307.48,2302.62,2311.3,2307.49,2298.23,2296.4,2307.49,2298.23,2294.47,2292.86,2301.19
LONG,2024-01-09 15:56:35,2263.1,-4.772160966735555,-2.946840344746647,2292.9698812431657,16.34700869724487,2293.38,2292.74,2286.35,2296.43,2292.75,2293.31,2292.04,2296.78,2293.3,2291.37,2285.4,2294.59,2291.37,2296.52,2290.23,2297.8,2296.51,2298.64,2296.07,2301.73,2298.63,2298.0,2296.45,2299.88,2297.99,2292.4,2289.0,2298.0,2292.4,2297.32,2291.73,2299.0,2297.32,2301.12,2297.32,2303.09,2301.12,2291.58,2289.76,2302.0,2291.58,2298.76,2289.14,2299.78,2298.77,2302.48,2297.78,2304.21,2302.48,2298.47,2296.73,2303.93,2298.46,2293.87,2292.31,2299.06,2293.86,2252.0,2251.0,2303.0
LONG,2024-01-09 15:57:52,2265.84,-4.562360396934764,-2.9312995617984403,2293.0815644114823,18.730875347832068,2293.38,2292.74,2286.35,2296.43,2292.75,2293.31,2292.04,2296.78,2293.3,2291.37,2285.4,2294.59,2291.37,2296.52,2290.23,2297.8,2296.51,2298.64,2296.07,2301.73,2298.63,2298.0,2296.45,2299.88,2297.99,2292.4,2289.0,2298.0,2292.4,2297.32,2291.73,2299.0,2297.32,2301.12,2297.32,2303.09,2301.12,2291.58,2289.76,2302.0,2291.58,2298.76,2289.14,2299.78,2298.77,2302.48,2297.78,2304.21,2302.48,2298.47,2296.73,2303.93,2298.46,2293.87,2292.31,2299.06,2293.86,2264.32,2226.78,2303.0
SHORT,2024-01-09 16:01:55,2278.8,-5.564963776791046,-3.1400094267383993,2292.7462564994034,35.56382475176655,2292.75,2293.31,2292.04,2296.78,2293.3,2291.37,2285.4,2294.59,2291.37,2296.52,2290.23,2297.8,2296.51,2298.64,2296.07,2301.73,2298.63,2298.0,2296.45,2299.88,2297.99,2292.4,2289.0,2298.0,2292.4,2297.32,2291.73,2299.0,2297.32,2301.12,2297.32,2303.09,2301.12,2291.58,2289.76,2302.0,2291.58,2298.76,2289.14,2299.78,2298.77,2302.48,2297.78,2304.21,2302.48,2298.47,2296.73,2303.93,2298.46,2293.87,2292.31,2299.06,2293.86,2264.2,2226.78,2303.0,2264.2,2275.72,2260.7,2281.0
LONG,2024-01-27 01:38:44,2266.13,1.2782161222944524,3.532550755016011,2243.5896633141,69.23332683462861,2266.8,2262.81,2260.62,2267.09,2262.81,2263.62,2261.12,2264.75,2263.61,2255.17,2254.9,2263.62,2255.17,2258.51,2251.07,2259.33,2258.51,2261.61,2256.55,2262.69,2261.62,2257.78,2254.0,2262.4,2257.78,2256.59,2252.49,2258.59,2256.59,2258.6,2252.88,2259.4,2258.6,2255.05,2253.0,2259.16,2255.05,2254.35,2253.16,2256.06,2254.36,2254.5,2253.9,2256.31,2254.5,2259.87,2254.5,2260.87,2259.86,2264.43,2258.01,2264.43,2264.42,2265.65,2263.19,2269.35,2265.66,2266.14,2264.16,2266.14
LONG,2024-01-27 01:40:17,2267.69,1.4018628459411957,3.5417097715824366,2243.620158363605,72.18373605979669,2266.8,2262.81,2260.62,2267.09,2262.81,2263.62,2261.12,2264.75,2263.61,2255.17,2254.9,2263.62,2255.17,2258.51,2251.07,2259.33,2258.51,2261.61,2256.55,2262.69,2261.62,2257.78,2254.0,2262.4,2257.78,2256.59,2252.49,2258.59,2256.59,2258.6,2252.88,2259.4,2258.6,2255.05,2253.0,2259.16,2255.05,2254.35,2253.16,2256.06,2254.36,2254.5,2253.9,2256.31,2254.5,2259.87,2254.5,2260.87,2259.86,2264.43,2258.01,2264.43,2264.42,2265.65,2263.19,2269.35,2265.66,2267.68,2264.16,2267.69
LONG,2024-01-27 01:51:54,2270.38,1.9301981224612064,3.4164842087287273,2244.129481764306,77.09299756343835,2262.81,2263.62,2261.12,2264.75,2263.61,2255.17,2254.9,2263.62,2255.17,2258.51,2251.07,2259.33,2258.51,2261.61,2256.55,2262.69,2261.62,2257.78,2254.0,2262.4,2257.78,2256.59,2252.49,2258.59,2256.59,2258.6,2252.88,2259.4,2258.6,2255.05,2253.0,2259.16,2255.05,2254.35,2253.16,2256.06,2254.36,2254.5,2253.9,2256.31,2254.5,2259.87,2254.5,2260.87,2259.86,2264.43,2258.01,2264.43,2264.42,2265.65,2263.19,2269.35,2265.66,2266.62,2264.16,2268.18,2266.62,2270.39,2266.57,2270.39
SHORT,2024-01-27 01:55:58,2268.16,1.7531041053675835,3.4033661333884586,2244.085521368266,73.4768061266647,2262.81,2263.62,2261.12,2264.75,2263.61,2255.17,2254.9,2263.62,2255.17,2258.51,2251.07,2259.33,2258.51,2261.61,2256.55,2262.69,2261.62,2257.78,2254.0,2262.4,2257.78,2256.59,2252.49,2258.59,2256.59,2258.6,2252.88,2259.4,2258.6,2255.05,2253.0,2259.16,2255.05,2254.35,2253.16,2256.06,2254.36,2254.5,2253.9,2256.31,2254.5,2259.87,2254.5,2260.87,2259.86,2264.43,2258.01,2264.43,2264.42,2265.65,2263.19,2269.35,2265.66,2266.62,2264.16,2268.18,2266.62,2268.17,2266.57,2272.0
LONG,2024-01-27 01:58:24,2265.6,1.548887581150666,3.388238983446465,2244.0348282989594,64.9664896414184,2262.81,2263.62,2261.12,2264.75,2263.61,2255.17,2254.9,2263.62,2255.17,2258.51,2251.07,2259.33,2258.51,2261.61,2256.55,2262.69,2261.62,2257.78,2254.0,2262.4,2257.78,2256.59,2252.49,2258.59,2256.59,2258.6,2252.88,2259.4,2258.6,2255.05,2253.0,2259.16,2255.05,2254.35,2253.16,2256.06,2254.36,2254.5,2253.9,2256.31,2254.5,2259.87,2254.5,2260.87,2259.86,2264.43,2258.01,2264.43,2264.42,2265.65,2263.19,2269.35,2265.66,2266.62,2264.16,2268.18,2266.62,2266.11,2265.6,2272.0
LONG,2024-01-27 02:01:08,2268.21,2.067546069330092,3.303595798604568,2244.559332238143,73.55543174243988,2263.61,2255.17,2254.9,2263.62,2255.17,2258.51,2251.07,2259.33,2258.51,2261.61,2256.55,2262.69,2261.62,2257.78,2254.0,2262.4,2257.78,2256.59,2252.49,2258.59,2256.59,2258.6,2252.88,2259.4,2258.6,2255.05,2253.0,2259.16,2255.05,2254.35,2253.16,2256.06,2254.36,2254.5,2253.9,2256.31,2254.5,2259.87,2254.5,2260.87,2259.86,2264.43,2258.01,2264.43,2264.42,2265.65,2263.19,2269.35,2265.66,2266.62,2264.16,2268.18,2266.62,2268.01,2265.6,2272.0,2268.01,2268.17,2267.93,2269.96
SHORT,2024-01-27 02:02:01,2269.8,2.1959791177632724,3.3131093577477664,2244.5916094658655,76.76340207474634,2263.61,2255.17,2254.9,2263.62,2255.17,2258.51,2251.07,2259.33,2258.51,2261.61,2256.55,2262.69,2261.62,2257.78,2254.0,2262.4,2257.78,2256.59,2252.49,2258.59,2256.59,2258.6,2252.88,2259.4,2258.6,2255.05,2253.0,2259.16,2255.05,2254.35,2253.16,2256.06,2254.36,2254.5,2253.9,2256.31,2254.5,2259.87,2254.5,2260.87,2259.86,2264.43,2258.01,2264.43,2264.42,2265.65,2263.19,2269.35,2265.66,2266.62,2264.16,2268.18,2266.62,2268.01,2265.6,2272.0,2268.01,2269.8,2267.93,2269.96
LONG,2024-01-27 02:03:26,2267.94,2.0484007701847986,3.302177628297509,2244.5520055054694,71.65407061776325,2263.61,2255.17,2254.9,2263.62,2255.17,2258.51,2251.07,2259.33,2258.51,2261.61,2256.55,2262.69,2261.62,2257.78,2254.0,2262.4,2257.78,2256.59,2252.49,2258.59,2256.59,2258.6,2252.88,2259.4,2258.6,2255.05,2253.0,2259.16,2255.05,2254.35,2253.16,2256.06,2254.36,2254.5,2253.9,2256.31,2254.5,2259.87,2254.5,2260.87,2259.86,2264.43,2258.01,2264.43,2264.42,2265.65,2263.19,2269.35,2265.66,2266.62,2264.16,2268.18,2266.62,2268.01,2265.6,2272.0,2268.01,2267.48,2267.48,2269.96
SHORT,2024-01-27 02:04:03,2268.8,2.1170047587888803,3.307259405231145,2244.5607183767565,73.68913946713698,2263.61,2255.17,2254.9,2263.62,2255.17,2258.51,2251.07,2259.33,2258.51,2261.61,2256.55,2262.69,2261.62,2257.78,2254.0,2262.4,2257.78,2256.59,2252.49,2258.59,2256.59,2258.6,2252.88,2259.4,2258.6,2255.05,2253.0,2259.16,2255.05,2254.35,2253.16,2256.06,2254.36,2254.5,2253.9,2256.31,2254.5,2259.87,2254.5,2260.87,2259.86,2264.43,2258.01,2264.43,2264.42,2265.65,2263.19,2269.35,2265.66,2266.62,2264.16,2268.18,2266.62,2268.01,2265.6,2272.0,2268.01,2268.22,2267.37,2269.96
SHORT,2024-01-27 02:05:27,2268.05,2.0340417958259422,3.3011140005672233,2244.54804510943,70.64458525868058,2263.61,2255.17,2254.9,2263.62,2255.17,2258.51,2251.07,2259.33,2258.51,2261.61,2256.55,2262.69,2261.62,2257.78,2254.0,2262.4,2257.78,2256.59,2252.49,2258.59,2256.59,2258.6,2252.88,2259.4,2258.6,2255.05,2253.0,2259.16,2255.05,2254.35,2253.16,2256.06,2254.36,2254.5,2253.9,2256.31,2254.5,2259.87,2254.5,2260.87,2259.86,2264.43,2258.01,2264.43,2264.42,2265.65,2263.19,2269.35,2265.66,2266.62,2264.16,2268.18,2266.62,2268.01,2265.6,2272.0,2268.01,2267.59,2267.37,2270.27
SHORT,2024-01-27 02:11:01,2265.45,1.8505660123501002,3.287523201791235,2244.5003223371527,58.24041261248068,2263.61,2255.17,2254.9,2263.62,2255.17,2258.51,2251.07,2259.33,2258.51,2261.61,2256.55,2262.69,2261.62,2257.78,2254.0,2262.4,2257.78,2256.59,2252.49,2258.59,2256.59,2258.6,2252.88,2259.4,2258.6,2255.05,2253.0,2259.16,2255.05,2254.35,2253.16,2256.06,2254.36,2254.5,2253.9,2256.31,2254.5,2259.87,2254.5,2260.87,2259.86,2264.43,2258.01,2264.43,2264.42,2265.65,2263.19,2269.35,2265.66,2266.62,2264.16,2268.18,2266.62,2268.01,2265.6,2272.0,2268.01,2264.53,2264.52,2270.27
LONG,2024-01-27 02:12:27,2264.31,1.7580303998147429,3.280668711973801,2244.4826985747764,56.13118850451095,2263.61,2255.17,2254.9,2263.62,2255.17,2258.51,2251.07,2259.33,2258.51,2261.61,2256.55,2262.69,2261.62,2257.78,2254.0,2262.4,2257.78,2256.59,2252.49,2258.59,2256.59,2258.6,2252.88,2259.4,2258.6,2255.05,2253.0,2259.16,2255.05,2254.35,2253.16,2256.06,2254.36,2254.5,2253.9,2256.31,2254.5,2259.87,2254.5,2260.87,2259.86,2264.43,2258.01,2264.43,2264.42,2265.65,2263.19,2269.35,2265.66,2266.62,2264.16,2268.18,2266.62,2268.01,2265.6,2272.0,2268.01,2264.46,2263.99,2270.27
LONG,2024-01-27 02:13:17,2265.34,1.8409933627772261,3.286814116637689,2244.5032926341823,58.16094005078079,2263.61,2255.17,2254.9,2263.62,2255.17,2258.51,2251.07,2259.33,2258.51,2261.61,2256.55,2262.69,2261.62,2257.78,2254.0,2262.4,2257.78,2256.59,2252.49,2258.59,2256.59,2258.6,2252.88,2259.4,2258.6,2255.05,2253.0,2259.16,2255.05,2254.35,2253.16,2256.06,2254.36,2254.5,2253.9,2256.31,2254.5,2259.87,2254.5,2260.87,2259.86,2264.43,2258.01,2264.43,2264.42,2265.65,2263.19,2269.35,2265.66,2266.62,2264.16,2268.18,2266.62,2268.01,2265.6,2272.0,2268.01,2265.0,2263.99,2270.27
LONG,2024-01-27 02:16:00,2265.01,1.8124208340659607,3.1736604374461326,2244.891624649465,56.76014386056403,2255.17,2258.51,2251.07,2259.33,2258.51,2261.61,2256.55,2262.69,2261.62,2257.78,2254.0,2262.4,2257.78,2256.59,2252.49,2258.59,2256.59,2258.6,2252.88,2259.4,2258.6,2255.05,2253.0,2259.16,2255.05,2254.35,2253.16,2256.06,2254.36,2254.5,2253.9,2256.31,2254.5,2259.87,2254.5,2260.87,2259.86,2264.43,2258.01,2264.43,2264.42,2265.65,2263.19,2269.35,2265.66,2266.62,2264.16,2268.18,2266.62,2268.01,2265.6,2272.0,2268.01,2264.62,2263.99,2270.27,2264.63,2264.64,2264.45,2266.61
SHORT,2024-01-27 02:17:39,2267.19,2.001480663125676,3.1876648692283336,2244.9387533623362,64.06194271279983,2255.17,2258.51,2251.07,2259.33,2258.51,2261.61,2256.55,2262.69,2261.62,2257.78,2254.0,2262.4,2257.78,2256.59,2252.49,2258.59,2256.59,2258.6,2252.88,2259.4,2258.6,2255.05,2253.0,2259.16,2255.05,2254.35,2253.16,2256.06,2254.36,2254.5,2253.9,2256.31,2254.5,2259.87,2254.5,2260.87,2259.86,2264.43,2258.01,2264.43,2264.42,2265.65,2263.19,2269.35,2265.66,2266.62,2264.16,2268.18,2266.62,2268.01,2265.6,2272.0,2268.01,2264.62,2263.99,2270.27,2264.63,2267.19,2264.45,2267.2
LONG,2024-01-27 02:21:20,2266.6,1.9592014608465433,3.1845330764669164,2244.920931580158,61.757346436918525,2255.17,2258.51,2251.07,2259.33,2258.51,2261.61,2256.55,2262.69,2261.62,2257.78,2254.0,2262.4,2257.78,2256.59,2252.49,2258.59,2256.59,2258.6,2252.88,2259.4,2258.6,2255.05,2253.0,2259.16,2255.05,2254.35,2253.16,2256.06,2254.36,2254.5,2253.9,2256.31,2254.5,2259.87,2254.5,2260.87,2259.86,2264.43,2258.01,2264.43,2264.42,2265.65,2263.19,2269.35,2265.66,2266.62,2264.16,2268.18,2266.62,2268.01,2265.6,2272.0,2268.01,2264.62,2263.99,2270.27,2264.63,2266.28,2264.45,2267.67
SHORT,2024-01-27 02:25:04,2267.14,1.9974920591371301,3.187369417081034,2244.9377632633264,63.94255203053619,2255.17,2258.51,2251.07,2259.33,2258.51,2261.61,2256.55,2262.69,2261.62,2257.78,2254.0,2262.4,2257.78,2256.59,2252.49,2258.59,2256.59,2258.6,2252.88,2259.4,2258.6,2255.05,2253.0,2259.16,2255.05,2254.35,2253.16,2256.06,2254.36,2254.5,2253.9,2256.31,2254.5,2259.87,2254.5,2260.87,2259.86,2264.43,2258.01,2264.43,2264.42,2265.65,2263.19,2269.35,2265.66,2266.62,2264.16,2268.18,2266.62,2268.01,2265.6,2272.0,2268.01,2264.62,2263.99,2270.27,2264.63,2267.14,2264.45,2267.67
LONG,2024-01-27 02:26:35,2266.12,1.9153268169716284,3.1812831028465522,2244.917565243524,60.98757852092771,2255.17,2258.51,2251.07,2259.33,2258.51,2261.61,2256.55,2262.69,2261.62,2257.78,2254.0,2262.4,2257.78,2256.59,2252.49,2258.59,2256.59,2258.6,2252.88,2259.4,2258.6,2255.05,2253.0,2259.16,2255.05,2254.35,2253.16,2256.06,2254.36,2254.5,2253.9,2256.31,2254.5,2259.87,2254.5,2260.87,2259.86,2264.43,2258.01,2264.43,2264.42,2265.65,2263.19,2269.35,2265.66,2266.62,2264.16,2268.18,2266.62,2268.01,2265.6,2272.0,2268.01,2264.62,2263.99,2270.27,2264.63,2266.0,2264.45,2267.67
SHORT,2024-01-27 02:34:40,2267.12,2.1727727615266303,3.1150592040140204,2245.3962175149495,64.74753703637583,2258.51,2261.61,2256.55,2262.69,2261.62,2257.78,2254.0,2262.4,2257.78,2256.59,2252.49,2258.59,2256.59,2258.6,2252.88,2259.4,2258.6,2255.05,2253.0,2259.16,2255.05,2254.35,2253.16,2256.06,2254.36,2254.5,2253.9,2256.31,2254.5,2259.87,2254.5,2260.87,2259.86,2264.43,2258.01,2264.43,2264.42,2265.65,2263.19,2269.35,2265.66,2266.62,2264.16,2268.18,2266.62,2268.01,2265.6,2272.0,2268.01,2264.62,2263.99,2270.27,2264.63,2267.66,2264.45,2267.67,2267.67,2267.58,2266.72,2268.1
SHORT,2024-01-27 02:37:08,2266.49,2.1296958384496065,3.1118683208231297,2245.3766135545534,60.18379668548689,2258.51,2261.61,2256.55,2262.69,2261.62,2257.78,2254.0,2262.4,2257.78,2256.59,2252.49,2258.59,2256.59,2258.6,2252.88,2259.4,2258.6,2255.05,2253.0,2259.16,2255.05,2254.35,2253.16,2256.06,2254.36,2254.5,2253.9,2256.31,2254.5,2259.87,2254.5,2260.87,2259.86,2264.43,2258.01,2264.43,2264.42,2265.65,2263.19,2269.35,2265.66,2266.62,2264.16,2268.18,2266.62,2268.01,2265.6,2272.0,2268.01,2264.62,2263.99,2270.27,2264.63,2267.66,2264.45,2267.67,2267.67,2266.59,2266.17,2268.1
LONG,2024-01-27 02:38:42,2265.29,2.026789855543484,3.1042456554226763,2245.350870980296,55.66570494536135,2258.51,2261.61,2256.55,2262.69,2261.62,2257.78,2254.0,2262.4,2257.78,2256.59,2252.49,2258.59,2256.59,2258.6,2252.88,2259.4,2258.6,2255.05,2253.0,2259.16,2255.05,2254.35,2253.16,2256.06,2254.36,2254.5,2253.9,2256.31,2254.5,2259.87,2254.5,2260.87,2259.86,2264.43,2258.01,2264.43,2264.42,2265.65,2263.19,2269.35,2265.66,2266.62,2264.16,2268.18,2266.62,2268.01,2265.6,2272.0,2268.01,2264.62,2263.99,2270.27,2264.63,2267.66,2264.45,2267.67,2267.67,2265.45,2264.11,2268.1
SHORT,2024-01-27 02:41:23,2267.28,2.184738573492268,3.1159455604559194,2245.390078901088,61.72184298872273,2258.51,2261.61,2256.55,2262.69,2261.62,2257.78,2254.0,2262.4,2257.78,2256.59,2252.49,2258.59,2256.59,2258.6,2252.88,2259.4,2258.6,2255.05,2253.0,2259.16,2255.05,2254.35,2253.16,2256.06,2254.36,2254.5,2253.9,2256.31,2254.5,2259.87,2254.5,2260.87,2259.86,2264.43,2258.01,2264.43,2264.42,2265.65,2263.19,2269.35,2265.66,2266.62,2264.16,2268.18,2266.62,2268.01,2265.6,2272.0,2268.01,2264.62,2263.99,2270.27,2264.63,2267.66,2264.45,2267.67,2267.67,2266.94,2264.11,2268.1
LONG,2024-01-27 02:46:03,2265.41,2.07023720451798,3.033561479783237,2245.7688460868526,54.78541569267416,2261.62,2257.78,2254.0,2262.4,2257.78,2256.59,2252.49,2258.59,2256.59,2258.6,2252.88,2259.4,2258.6,2255.05,2253.0,2259.16,2255.05,2254.35,2253.16,2256.06,2254.36,2254.5,2253.9,2256.31,2254.5,2259.87,2254.5,2260.87,2259.86,2264.43,2258.01,2264.43,2264.42,2265.65,2263.19,2269.35,2265.66,2266.62,2264.16,2268.18,2266.62,2268.01,2265.6,2272.0,2268.01,2264.62,2263.99,2270.27,2264.63,2267.66,2264.45,2267.67,2267.67,2266.37,2264.11,2268.1,2266.37,2265.4,2265.11,2266.55
LONG,2024-01-27 02:46:41,2266.74,2.1771317914121937,3.0414795973309565,2245.7894401462586,59.528010516834016,2261.62,2257.78,2254.0,2262.4,2257.78,2256.59,2252.49,2258.59,2256.59,2258.6,2252.88,2259.4,2258.6,2255.05,2253.0,2259.16,2255.05,2254.35,2253.16,2256.06,2254.36,2254.5,2253.9,2256.31,2254.5,2259.87,2254.5,2260.87,2259.86,2264.43,2258.01,2264.43,2264.42,2265.65,2263.19,2269.35,2265.66,2266.62,2264.16,2268.18,2266.62,2268.01,2265.6,2272.0,2268.01,2264.62,2263.99,2270.27,2264.63,2267.66,2264.45,2267.67,2267.67,2266.37,2264.11,2268.1,2266.37,2266.45,2265.11,2266.75
LONG,2024-01-27 02:47:55,2267.64,2.247331221611603,3.0466795551235055,2245.813202522496,63.955317842055926,2261.62,2257.78,2254.0,2262.4,2257.78,2256.59,2252.49,2258.59,2256.59,2258.6,2252.88,2259.4,2258.6,2255.05,2253.0,2259.16,2255.05,2254.35,2253.16,2256.06,2254.36,2254.5,2253.9,2256.31,2254.5,2259.87,2254.5,2260.87,2259.86,2264.43,2258.01,2264.43,2264.42,2265.65,2263.19,2269.35,2265.66,2266.62,2264.16,2268.18,2266.62,2268.01,2265.6,2272.0,2268.01,2264.62,2263.99,2270.27,2264.63,2267.66,2264.45,2267.67,2267.67,2266.37,2264.11,2268.1,2266.37,2268.2,2265.11,2268.2
SHORT,2024-01-27 02:55:19,2269.4,2.388527802808312,3.0571385611380766,2245.8480540076444,67.55304329983075,2261.62,2257.78,2254.0,2262.4,2257.78,2256.59,2252.49,2258.59,2256.59,2258.6,2252.88,2259.4,2258.6,2255.05,2253.0,2259.16,2255.05,2254.35,2253.16,2256.06,2254.36,2254.5,2253.9,2256.31,2254.5,2259.87,2254.5,2260.87,2259.86,2264.43,2258.01,2264.43,2264.42,2265.65,2263.19,2269.35,2265.66,2266.62,2264.16,2268.18,2266.62,2268.01,2265.6,2272.0,2268.01,2264.62,2263.99,2270.27,2264.63,2267.66,2264.45,2267.67,2267.67,2266.37,2264.11,2268.1,2266.37,2269.41,2265.11,2269.63
LONG,2024-01-27 10:56:40,2256.82,-2.977668694595195,0.5407381143428399,2256.973335438114,18.801588901044905,2276.15,2276.36,2273.57,2276.56,2276.36,2274.63,2273.13,2276.36,2274.64,2274.75,2273.38,2276.4,2274.75,2269.6,2269.3,2274.75,2269.6,2267.66,2267.0,2270.85,2267.66,2264.33,2264.21,2269.11,2264.33,2263.79,2261.15,2265.04,2263.8,2264.43,2262.85,2265.61,2264.43,2266.21,2264.12,2267.19,2266.2,2265.71,2264.03,2266.71,2265.71,2264.07,2263.91,2266.8,2264.07,2263.67,2263.65,2266.66,2263.67,2257.46,2254.36,2263.68,2257.45,2258.57,2253.41,2258.66,2258.57,2256.8,2256.66,2259.25
SHORT,2024-01-27 10:58:46,2258.0,-2.8827399196661645,0.547769875448694,2256.9965037549455,20.91718522971269,2276.15,2276.36,2273.57,2276.56,2276.36,2274.63,2273.13,2276.36,2274.64,2274.75,2273.38,2276.4,2274.75,2269.6,2269.3,2274.75,2269.6,2267.66,2267.0,2270.85,2267.66,2264.33,2264.21,2269.11,2264.33,2263.79,2261.15,2265.04,2263.8,2264.43,2262.85,2265.61,2264.43,2266.21,2264.12,2267.19,2266.2,2265.71,2264.03,2266.71,2265.71,2264.07,2263.91,2266.8,2264.07,2263.67,2263.65,2266.66,2263.67,2257.46,2254.36,2263.68,2257.45,2258.57,2253.41,2258.66,2258.57,2257.99,2256.53,2259.25
SHORT,2024-01-27 11:01:21,2256.85,-3.1925982452880817,0.27316767143649273,2256.997778751662,17.932816604310723,2276.36,2274.63,2273.13,2276.36,2274.64,2274.75,2273.38,2276.4,2274.75,2269.6,2269.3,2274.75,2269.6,2267.66,2267.0,2270.85,2267.66,2264.33,2264.21,2269.11,2264.33,2263.79,2261.15,2265.04,2263.8,2264.43,2262.85,2265.61,2264.43,2266.21,2264.12,2267.19,2266.2,2265.71,2264.03,2266.71,2265.71,2264.07,2263.91,2266.8,2264.07,2263.67,2263.65,2266.66,2263.67,2257.46,2254.36,2263.68,2257.45,2258.57,2253.41,2258.66,2258.57,2258.45,2256.53,2259.25,2258.45,2256.61,2256.6,2258.46
SHORT,2024-01-27 11:09:17,2255.43,-3.28593157862133,0.2662540911895855,2256.97461043483,16.114413009988844,2276.36,2274.63,2273.13,2276.36,2274.64,2274.75,2273.38,2276.4,2274.75,2269.6,2269.3,2274.75,2269.6,2267.66,2267.0,2270.85,2267.66,2264.33,2264.21,2269.11,2264.33,2263.79,2261.15,2265.04,2263.8,2264.43,2262.85,2265.61,2264.43,2266.21,2264.12,2267.19,2266.2,2265.71,2264.03,2266.71,2265.71,2264.07,2263.91,2266.8,2264.07,2263.67,2263.65,2266.66,2263.67,2257.46,2254.36,2263.68,2257.45,2258.57,2253.41,2258.66,2258.57,2258.45,2256.53,2259.25,2258.45,2255.44,2255.43,2258.46
LONG,2024-01-27 11:18:26,2253.33,-3.750085822047822,-0.031361995771469586,2256.90561609037,13.428626956069609,2274.64,2274.75,2273.38,2276.4,2274.75,2269.6,2269.3,2274.75,2269.6,2267.66,2267.0,2270.85,2267.66,2264.33,2264.21,2269.11,2264.33,2263.79,2261.15,2265.04,2263.8,2264.43,2262.85,2265.61,2264.43,2266.21,2264.12,2267.19,2266.2,2265.71,2264.03,2266.71,2265.71,2264.07,2263.91,2266.8,2264.07,2263.67,2263.65,2266.66,2263.67,2257.46,2254.36,2263.68,2257.45,2258.57,2253.41,2258.66,2258.57,2258.45,2256.53,2259.25,2258.45,2255.42,2254.17,2258.46,2255.43,2253.53,2253.28,2255.58
LONG,2024-01-27 11:19:28,2254.72,-3.6511684431302456,-0.024034782518315756,2256.92660618938,14.01675355985374,2274.64,2274.75,2273.38,2276.4,2274.75,2269.6,2269.3,2274.75,2269.6,2267.66,2267.0,2270.85,2267.66,2264.33,2264.21,2269.11,2264.33,2263.79,2261.15,2265.04,2263.8,2264.43,2262.85,2265.61,2264.43,2266.21,2264.12,2267.19,2266.2,2265.71,2264.03,2266.71,2265.71,2264.07,2263.91,2266.8,2264.07,2263.67,2263.65,2266.66,2263.67,2257.46,2254.36,2263.68,2257.45,2258.57,2253.41,2258.66,2258.57,2258.45,2256.53,2259.25,2258.45,2255.42,2254.17,2258.46,2255.43,2254.01,2253.14,2255.58
SHORT,2024-01-27 11:25:10,2255.9,-3.5562396682016697,-0.017003021412495323,2256.9529428230435,18.22699240684715,2274.64,2274.75,2273.38,2276.4,2274.75,2269.6,2269.3,2274.75,2269.6,2267.66,2267.0,2270.85,2267.66,2264.33,2264.21,2269.11,2264.33,2263.79,2261.15,2265.04,2263.8,2264.43,2262.85,2265.61,2264.43,2266.21,2264.12,2267.19,2266.2,2265.71,2264.03,2266.71,2265.71,2264.07,2263.91,2266.8,2264.07,2263.67,2263.65,2266.66,2263.67,2257.46,2254.36,2263.68,2257.45,2258.57,2253.41,2258.66,2258.57,2258.45,2256.53,2259.25,2258.45,2255.42,2254.17,2258.46,2255.43,2255.67,2252.76,2255.98
LONG,2024-01-27 11:43:19,2255.04,-3.759740028202941,-0.2911241381383828,2256.926518506775,21.063210798051962,2274.75,2269.6,2269.3,2274.75,2269.6,2267.66,2267.0,2270.85,2267.66,2264.33,2264.21,2269.11,2264.33,2263.79,2261.15,2265.04,2263.8,2264.43,2262.85,2265.61,2264.43,2266.21,2264.12,2267.19,2266.2,2265.71,2264.03,2266.71,2265.71,2264.07,2263.91,2266.8,2264.07,2263.67,2263.65,2266.66,2263.67,2257.46,2254.36,2263.68,2257.45,2258.57,2253.41,2258.66,2258.57,2258.45,2256.53,2259.25,2258.45,2255.42,2254.17,2258.46,2255.43,2256.48,2252.76,2256.92,2256.49,2255.04,2254.08,2256.49
LONG,2024-01-27 11:43:57,2256.72,-3.6257229341858874,-0.2811969459889714,2256.959785833508,25.147208638613645,2274.75,2269.6,2269.3,2274.75,2269.6,2267.66,2267.0,2270.85,2267.66,2264.33,2264.21,2269.11,2264.33,2263.79,2261.15,2265.04,2263.8,2264.43,2262.85,2265.61,2264.43,2266.21,2264.12,2267.19,2266.2,2265.71,2264.03,2266.71,2265.71,2264.07,2263.91,2266.8,2264.07,2263.67,2263.65,2266.66,2263.67,2257.46,2254.36,2263.68,2257.45,2258.57,2253.41,2258.66,2258.57,2258.45,2256.53,2259.25,2258.45,2255.42,2254.17,2258.46,2255.43,2256.48,2252.76,2256.92,2256.49,2256.56,2254.08,2256.77
LONG,2024-01-27 11:46:08,2257.95,-3.575913575897175,-0.5251406029646283,2256.977405994436,35.76075777175458,2269.6,2267.66,2267.0,2270.85,2267.66,2264.33,2264.21,2269.11,2264.33,2263.79,2261.15,2265.04,2263.8,2264.43,2262.85,2265.61,2264.43,2266.21,2264.12,2267.19,2266.2,2265.71,2264.03,2266.71,2265.71,2264.07,2263.91,2266.8,2264.07,2263.67,2263.65,2266.66,2263.67,2257.46,2254.36,2263.68,2257.45,2258.57,2253.41,2258.66,2258.57,2258.45,2256.53,2259.25,2258.45,2255.42,2254.17,2258.46,2255.43,2256.48,2252.76,2256.92,2256.49,2256.75,2254.08,2256.77,2256.76,2257.81,2256.64,2258.89
SHORT,2024-01-27 11:47:18,2259.92,-3.418762578746737,-0.513499788360892,2257.01879213305,47.464981071648076,2269.6,2267.66,2267.0,2270.85,2267.66,2264.33,2264.21,2269.11,2264.33,2263.79,2261.15,2265.04,2263.8,2264.43,2262.85,2265.61,2264.43,2266.21,2264.12,2267.19,2266.2,2265.71,2264.03,2266.71,2265.71,2264.07,2263.91,2266.8,2264.07,2263.67,2263.65,2266.66,2263.67,2257.46,2254.36,2263.68,2257.45,2258.57,2253.41,2258.66,2258.57,2258.45,2256.53,2259.25,2258.45,2255.42,2254.17,2258.46,2255.43,2256.48,2252.76,2256.92,2256.49,2256.75,2254.08,2256.77,2256.76,2259.76,2256.64,2260.19
SHORT,2024-01-27 11:54:49,2257.15,-3.6397312397152746,-0.5298678373215245,2256.9637426280997,30.288729843138828,2269.6,2267.66,2267.0,2270.85,2267.66,2264.33,2264.21,2269.11,2264.33,2263.79,2261.15,2265.04,2263.8,2264.43,2262.85,2265.61,2264.43,2266.21,2264.12,2267.19,2266.2,2265.71,2264.03,2266.71,2265.71,2264.07,2263.91,2266.8,2264.07,2263.67,2263.65,2266.66,2263.67,2257.46,2254.36,2263.68,2257.45,2258.57,2253.41,2258.66,2258.57,2258.45,2256.53,2259.25,2258.45,2255.42,2254.17,2258.46,2255.43,2256.48,2252.76,2256.92,2256.49,2256.75,2254.08,2256.77,2256.76,2257.14,2256.64,2260.4
SHORT,2024-01-27 11:56:02,2253.84,-3.9045745445582725,-0.5494858599024873,2256.908099063743,20.313932980765067,2269.6,2267.66,2267.0,2270.85,2267.66,2264.33,2264.21,2269.11,2264.33,2263.79,2261.15,2265.04,2263.8,2264.43,2262.85,2265.61,2264.43,2266.21,2264.12,2267.19,2266.2,2265.71,2264.03,2266.71,2265.71,2264.07,2263.91,2266.8,2264.07,2263.67,2263.65,2266.66,2263.67,2257.46,2254.36,2263.68,2257.45,2258.57,2253.41,2258.66,2258.57,2258.45,2256.53,2259.25,2258.45,2255.42,2254.17,2258.46,2255.43,2256.48,2252.76,2256.92,2256.49,2256.75,2254.08,2256.77,2256.76,2254.37,2253.61,2260.4
LONG,2024-01-27 11:57:47,2252.14,-4.050557450540964,-0.5602994084937978,2256.8619604498817,16.44317110099177,2269.6,2267.66,2267.0,2270.85,2267.66,2264.33,2264.21,2269.11,2264.33,2263.79,2261.15,2265.04,2263.8,2264.43,2262.85,2265.61,2264.43,2266.21,2264.12,2267.19,2266.2,2265.71,2264.03,2266.71,2265.71,2264.07,2263.91,2266.8,2264.07,2263.67,2263.65,2266.66,2263.67,2257.46,2254.36,2263.68,2257.45,2258.57,2253.41,2258.66,2258.57,2258.45,2256.53,2259.25,2258.45,2255.42,2254.17,2258.46,2255.43,2256.48,2252.76,2256.92,2256.49,2256.75,2254.08,2256.77,2256.76,2252.0,2251.71,2260.4
SHORT,2024-01-27 11:59:14,2253.88,-3.9005859405697265,-0.5491904077551877,2256.899188172654,19.382003762597947,2269.6,2267.66,2267.0,2270.85,2267.66,2264.33,2264.21,2269.11,2264.33,2263.79,2261.15,2265.04,2263.8,2264.43,2262.85,2265.61,2264.43,2266.21,2264.12,2267.19,2266.2,2265.71,2264.03,2266.71,2265.71,2264.07,2263.91,2266.8,2264.07,2263.67,2263.65,2266.66,2263.67,2257.46,2254.36,2263.68,2257.45,2258.57,2253.41,2258.66,2258.57,2258.45,2256.53,2259.25,2258.45,2255.42,2254.17,2258.46,2255.43,2256.48,2252.76,2256.92,2256.49,2256.75,2254.08,2256.77,2256.76,2253.88,2251.4,2260.4
LONG,2024-01-27 12:00:59,2252.21,-4.183293784099533,-0.8180002569230902,2256.814424324906,16.797288368013884,2267.66,2264.33,2264.21,2269.11,2264.33,2263.79,2261.15,2265.04,2263.8,2264.43,2262.85,2265.61,2264.43,2266.21,2264.12,2267.19,2266.2,2265.71,2264.03,2266.71,2265.71,2264.07,2263.91,2266.8,2264.07,2263.67,2263.65,2266.66,2263.67,2257.46,2254.36,2263.68,2257.45,2258.57,2253.41,2258.66,2258.57,2258.45,2256.53,2259.25,2258.45,2255.42,2254.17,2258.46,2255.43,2256.48,2252.76,2256.92,2256.49,2256.75,2254.08,2256.77,2256.76,2253.95,2251.4,2260.4,2253.95,2252.55,2251.58,2254.11
LONG,2024-01-27 12:02:11,2256.4,-3.8673963482019644,-0.7946004468566037,2256.890661948669,36.1105535361701,2267.66,2264.33,2264.21,2269.11,2264.33,2263.79,2261.15,2265.04,2263.8,2264.43,2262.85,2265.61,2264.43,2266.21,2264.12,2267.19,2266.2,2265.71,2264.03,2266.71,2265.71,2264.07,2263.91,2266.8,2264.07,2263.67,2263.65,2266.66,2263.67,2257.46,2254.36,2263.68,2257.45,2258.57,2253.41,2258.66,2258.57,2258.45,2256.53,2259.25,2258.45,2255.42,2254.17,2258.46,2255.43,2256.48,2252.76,2256.92,2256.49,2256.75,2254.08,2256.77,2256.76,2253.95,2251.4,2260.4,2253.95,2256.21,2251.58,2256.4
SHORT,2024-01-27 12:04:27,2257.42,-3.786028826834354,-0.7885732230515954,2256.917196602134,44.41466262445708,2267.66,2264.33,2264.21,2269.11,2264.33,2263.79,2261.15,2265.04,2263.8,2264.43,2262.85,2265.61,2264.43,2266.21,2264.12,2267.19,2266.2,2265.71,2264.03,2266.71,2265.71,2264.07,2263.91,2266.8,2264.07,2263.67,2263.65,2266.66,2263.67,2257.46,2254.36,2263.68,2257.45,2258.57,2253.41,2258.66,2258.57,2258.45,2256.53,2259.25,2258.45,2255.42,2254.17,2258.46,2255.43,2256.48,2252.76,2256.92,2256.49,2256.75,2254.08,2256.77,2256.76,2253.95,2251.4,2260.4,2253.95,2257.84,2251.58,2257.84
LONG,2024-01-27 12:05:57,2256.8,-3.8362852370905784,-0.7922959201076121,2256.896998582332,37.76472233473128,2267.66,2264.33,2264.21,2269.11,2264.33,2263.79,2261.15,2265.04,2263.8,2264.43,2262.85,2265.61,2264.43,2266.21,2264.12,2267.19,2266.2,2265.71,2264.03,2266.71,2265.71,2264.07,2263.91,2266.8,2264.07,2263.67,2263.65,2266.66,2263.67,2257.46,2254.36,2263.68,2257.45,2258.57,2253.41,2258.66,2258.57,2258.45,2256.53,2259.25,2258.45,2255.42,2254.17,2258.46,2255.43,2256.48,2252.76,2256.92,2256.49,2256.75,2254.08,2256.77,2256.76,2253.95,2251.4,2260.4,2253.95,2256.49,2251.58,2257.85
LONG,2024-01-27 12:07:42,2257.9,-3.726199767005255,-0.7841414408420326,2256.925711453619,45.923873531899076,2267.66,2264.33,2264.21,2269.11,2264.33,2263.79,2261.15,2265.04,2263.8,2264.43,2262.85,2265.61,2264.43,2266.21,2264.12,2267.19,2266.2,2265.71,2264.03,2266.71,2265.71,2264.07,2263.91,2266.8,2264.07,2263.67,2263.65,2266.66,2263.67,2257.46,2254.36,2263.68,2257.45,2258.57,2253.41,2258.66,2258.57,2258.45,2256.53,2259.25,2258.45,2255.42,2254.17,2258.46,2255.43,2256.48,2252.76,2256.92,2256.49,2256.75,2254.08,2256.77,2256.76,2253.95,2251.4,2260.4,2253.95,2258.28,2251.58,2258.28
LONG,2024-01-27 12:17:00,2259.47,-3.4083620069532117,-0.9750264943637343,2256.988515716571,55.511328255396684,2264.33,2263.79,2261.15,2265.04,2263.8,2264.43,2262.85,2265.61,2264.43,2266.21,2264.12,2267.19,2266.2,2265.71,2264.03,2266.71,2265.71,2264.07,2263.91,2266.8,2264.07,2263.67,2263.65,2266.66,2263.67,2257.46,2254.36,2263.68,2257.45,2258.57,2253.41,2258.66,2258.57,2258.45,2256.53,2259.25,2258.45,2255.42,2254.17,2258.46,2255.43,2256.48,2252.76,2256.92,2256.49,2256.75,2254.08,2256.77,2256.76,2253.95,2251.4,2260.4,2253.95,2258.81,2251.58,2260.56,2258.81,2260.73,2258.28,2260.73
LONG,2024-01-27 12:21:27,2262.26,-3.1865956251872376,-0.9585993549736622,2257.043763241323,60.52931497309989,2264.33,2263.79,2261.15,2265.04,2263.8,2264.43,2262.85,2265.61,2264.43,2266.21,2264.12,2267.19,2266.2,2265.71,2264.03,2266.71,2265.71,2264.07,2263.91,2266.8,2264.07,2263.67,2263.65,2266.66,2263.67,2257.46,2254.36,2263.68,2257.45,2258.57,2253.41,2258.66,2258.57,2258.45,2256.53,2259.25,2258.45,2255.42,2254.17,2258.46,2255.43,2256.48,2252.76,2256.92,2256.49,2256.75,2254.08,2256.77,2256.76,2253.95,2251.4,2260.4,2253.95,2258.81,2251.58,2260.56,2258.81,2262.26,2258.28,2262.26
SHORT,2024-01-27 12:31:22,2263.67,-2.696553255021172,-1.0911666161459437,2257.1631750465635,65.1806361185351,2263.8,2264.43,2262.85,2265.61,2264.43,2266.21,2264.12,2267.19,2266.2,2265.71,2264.03,2266.71,2265.71,2264.07,2263.91,2266.8,2264.07,2263.67,2263.65,2266.66,2263.67,2257.46,2254.36,2263.68,2257.45,2258.57,2253.41,2258.66,2258.57,2258.45,2256.53,2259.25,2258.45,2255.42,2254.17,2258.46,2255.43,2256.48,2252.76,2256.92,2256.49,2256.75,2254.08,2256.77,2256.76,2253.95,2251.4,2260.4,2253.95,2258.81,2251.58,2260.56,2258.81,2261.55,2258.28,2262.41,2261.56,2263.78,2261.55,2263.78
LONG,2024-01-27 12:32:32,2263.11,-2.742023340491869,-1.0945347706252546,2257.1582245515137,64.51705752154862,2263.8,2264.43,2262.85,2265.61,2264.43,2266.21,2264.12,2267.19,2266.2,2265.71,2264.03,2266.71,2265.71,2264.07,2263.91,2266.8,2264.07,2263.67,2263.65,2266.66,2263.67,2257.46,2254.36,2263.68,2257.45,2258.57,2253.41,2258.66,2258.57,2258.45,2256.53,2259.25,2258.45,2255.42,2254.17,2258.46,2255.43,2256.48,2252.76,2256.92,2256.49,2256.75,2254.08,2256.77,2256.76,2253.95,2251.4,2260.4,2253.95,2258.81,2251.58,2260.56,2258.81,2261.55,2258.28,2262.41,2261.56,2263.51,2261.55,2264.59
SHORT,2024-01-27 12:41:55,2265.72,-2.5338182122864055,-1.079112168535961,2257.2017889079493,69.44438961305694,2263.8,2264.43,2262.85,2265.61,2264.43,2266.21,2264.12,2267.19,2266.2,2265.71,2264.03,2266.71,2265.71,2264.07,2263.91,2266.8,2264.07,2263.67,2263.65,2266.66,2263.67,2257.46,2254.36,2263.68,2257.45,2258.57,2253.41,2258.66,2258.57,2258.45,2256.53,2259.25,2258.45,2255.42,2254.17,2258.46,2255.43,2256.48,2252.76,2256.92,2256.49,2256.75,2254.08,2256.77,2256.76,2253.95,2251.4,2260.4,2253.95,2258.81,2251.58,2260.56,2258.81,2261.55,2258.28,2262.41,2261.56,2265.72,2261.55,2265.73
LONG,2024-01-27 12:46:09,2264.17,-2.1216269106716936,-1.1605484115353761,2257.324629672639,63.91442707382203,2264.43,2266.21,2264.12,2267.19,2266.2,2265.71,2264.03,2266.71,2265.71,2264.07,2263.91,2266.8,2264.07,2263.67,2263.65,2266.66,2263.67,2257.46,2254.36,2263.68,2257.45,2258.57,2253.41,2258.66,2258.57,2258.45,2256.53,2259.25,2258.45,2255.42,2254.17,2258.46,2255.43,2256.48,2252.76,2256.92,2256.49,2256.75,2254.08,2256.77,2256.76,2253.95,2251.4,2260.4,2253.95,2258.81,2251.58,2260.56,2258.81,2261.55,2258.28,2262.41,2261.56,2264.95,2261.55,2266.28,2264.94,2264.09,2264.09,2264.95
LONG,2024-01-27 12:48:41,2266.12,-1.9652736343177821,-1.1489666873610123,2257.363639573629,70.64150452170374,2264.43,2266.21,2264.12,2267.19,2266.2,2265.71,2264.03,2266.71,2265.71,2264.07,2263.91,2266.8,2264.07,2263.67,2263.65,2266.66,2263.67,2257.46,2254.36,2263.68,2257.45,2258.57,2253.41,2258.66,2258.57,2258.45,2256.53,2259.25,2258.45,2255.42,2254.17,2258.46,2255.43,2256.48,2252.76,2256.92,2256.49,2256.75,2254.08,2256.77,2256.76,2253.95,2251.4,2260.4,2253.95,2258.81,2251.58,2260.56,2258.81,2261.55,2258.28,2262.41,2261.56,2264.95,2261.55,2266.28,2264.94,2266.13,2264.08,2266.13
SHORT,2024-01-27 12:50:54,2267.67,-1.8232793323236365,-1.1384485909170015,2257.3988870983812,74.00851658821443,2264.43,2266.21,2264.12,2267.19,2266.2,2265.71,2264.03,2266.71,2265.71,2264.07,2263.91,2266.8,2264.07,2263.67,2263.65,2266.66,2263.67,2257.46,2254.36,2263.68,2257.45,2258.57,2253.41,2258.66,2258.57,2258.45,2256.53,2259.25,2258.45,2255.42,2254.17,2258.46,2255.43,2256.48,2252.76,2256.92,2256.49,2256.75,2254.08,2256.77,2256.76,2253.95,2251.4,2260.4,2253.95,2258.81,2251.58,2260.56,2258.81,2261.55,2258.28,2262.41,2261.56,2264.95,2261.55,2266.28,2264.94,2267.91,2264.08,2267.91
LONG,2024-01-27 12:52:56,2266.35,-1.9461283351729435,-1.1475485170539872,2257.3681940290744,71.12483689609135,2264.43,2266.21,2264.12,2267.19,2266.2,2265.71,2264.03,2266.71,2265.71,2264.07,2263.91,2266.8,2264.07,2263.67,2263.65,2266.66,2263.67,2257.46,2254.36,2263.68,2257.45,2258.57,2253.41,2258.66,2258.57,2258.45,2256.53,2259.25,2258.45,2255.42,2254.17,2258.46,2255.43,2256.48,2252.76,2256.92,2256.49,2256.75,2254.08,2256.77,2256.76,2253.95,2251.4,2260.4,2253.95,2258.81,2251.58,2260.56,2258.81,2261.55,2258.28,2262.41,2261.56,2264.95,2261.55,2266.28,2264.94,2266.36,2264.08,2268.2
SHORT,2024-01-27 12:54:38,2268.2,-1.7993477083923608,-1.1366758780332034,2257.4044316528366,74.46910701945913,2264.43,2266.21,2264.12,2267.19,2266.2,2265.71,2264.03,2266.71,2265.71,2264.07,2263.91,2266.8,2264.07,2263.67,2263.65,2266.66,2263.67,2257.46,2254.36,2263.68,2257.45,2258.57,2253.41,2258.66,2258.57,2258.45,2256.53,2259.25,2258.45,2255.42,2254.17,2258.46,2255.43,2256.48,2252.76,2256.92,2256.49,2256.75,2254.08,2256.77,2256.76,2253.95,2251.4,2260.4,2253.95,2258.81,2251.58,2260.56,2258.81,2261.55,2258.28,2262.41,2261.56,2264.95,2261.55,2266.28,2264.94,2268.19,2264.08,2268.2
SHORT,2024-01-27 12:56:55,2267.11,-1.8870969961412811,-1.1431758252738642,2257.3828474944207,72.57736694719034,2264.43,2266.21,2264.12,2267.19,2266.2,2265.71,2264.03,2266.71,2265.71,2264.07,2263.91,2266.8,2264.07,2263.67,2263.65,2266.66,2263.67,2257.46,2254.36,2263.68,2257.45,2258.57,2253.41,2258.66,2258.57,2258.45,2256.53,2259.25,2258.45,2255.42,2254.17,2258.46,2255.43,2256.48,2252.76,2256.92,2256.49,2256.75,2254.08,2256.77,2256.76,2253.95,2251.4,2260.4,2253.95,2258.81,2251.58,2260.56,2258.81,2261.55,2258.28,2262.41,2261.56,2264.95,2261.55,2266.28,2264.94,2267.11,2264.08,2268.2
LONG,2024-01-27 13:02:25,2265.21,-1.5299111813264972,-1.1778960717131035,2257.516295666769,66.63532769875299,2266.2,2265.71,2264.03,2266.71,2265.71,2264.07,2263.91,2266.8,2264.07,2263.67,2263.65,2266.66,2263.67,2257.46,2254.36,2263.68,2257.45,2258.57,2253.41,2258.66,2258.57,2258.45,2256.53,2259.25,2258.45,2255.42,2254.17,2258.46,2255.43,2256.48,2252.76,2256.92,2256.49,2256.75,2254.08,2256.77,2256.76,2253.95,2251.4,2260.4,2253.95,2258.81,2251.58,2260.56,2258.81,2261.55,2258.28,2262.41,2261.56,2264.95,2261.55,2266.28,2264.94,2265.99,2264.08,2268.2,2266.0,2265.36,2265.2,2266.61
LONG,2024-01-27 13:03:19,2267.7,-1.3320764234917988,-1.1632416452068295,2257.569166953898,74.75035778269029,2266.2,2265.71,2264.03,2266.71,2265.71,2264.07,2263.91,2266.8,2264.07,2263.67,2263.65,2266.66,2263.67,2257.46,2254.36,2263.68,2257.45,2258.57,2253.41,2258.66,2258.57,2258.45,2256.53,2259.25,2258.45,2255.42,2254.17,2258.46,2255.43,2256.48,2252.76,2256.92,2256.49,2256.75,2254.08,2256.77,2256.76,2253.95,2251.4,2260.4,2253.95,2258.81,2251.58,2260.56,2258.81,2261.55,2258.28,2262.41,2261.56,2264.95,2261.55,2266.28,2264.94,2265.99,2264.08,2268.2,2266.0,2267.97,2265.2,2267.97
LONG,2024-01-27 13:12:03,2269.37,-1.22837271978824,-1.1555598893769363,2257.5858006172643,76.07986769592624,2266.2,2265.71,2264.03,2266.71,2265.71,2264.07,2263.91,2266.8,2264.07,2263.67,2263.65,2266.66,2263.67,2257.46,2254.36,2263.68,2257.45,2258.57,2253.41,2258.66,2258.57,2258.45,2256.53,2259.25,2258.45,2255.42,2254.17,2258.46,2255.43,2256.48,2252.76,2256.92,2256.49,2256.75,2254.08,2256.77,2256.76,2253.95,2251.4,2260.4,2253.95,2258.81,2251.58,2260.56,2258.81,2261.55,2258.28,2262.41,2261.56,2264.95,2261.55,2266.28,2264.94,2265.99,2264.08,2268.2,2266.0,2268.71,2265.2,2269.38
LONG,2024-01-27 13:18:57,2270.23,-0.5328855397037842,-1.1097641436389,2257.8402568740344,78.78498432357081,2265.71,2264.07,2263.91,2266.8,2264.07,2263.67,2263.65,2266.66,2263.67,2257.46,2254.36,2263.68,2257.45,2258.57,2253.41,2258.66,2258.57,2258.45,2256.53,2259.25,2258.45,2255.42,2254.17,2258.46,2255.43,2256.48,2252.76,2256.92,2256.49,2256.75,2254.08,2256.77,2256.76,2253.95,2251.4,2260.4,2253.95,2258.81,2251.58,2260.56,2258.81,2261.55,2258.28,2262.41,2261.56,2264.95,2261.55,2266.28,2264.94,2265.99,2264.08,2268.2,2266.0,2268.93,2265.2,2269.38,2268.94,2270.24,2267.9,2271.44
SHORT,2024-01-27 13:19:40,2270.61,-0.5033698701881804,-1.1075777977488555,2257.84778162651,79.3784167316105,2265.71,2264.07,2263.91,2266.8,2264.07,2263.67,2263.65,2266.66,2263.67,2257.46,2254.36,2263.68,2257.45,2258.57,2253.41,2258.66,2258.57,2258.45,2256.53,2259.25,2258.45,2255.42,2254.17,2258.46,2255.43,2256.48,2252.76,2256.92,2256.49,2256.75,2254.08,2256.77,2256.76,2253.95,2251.4,2260.4,2253.95,2258.81,2251.58,2260.56,2258.81,2261.55,2258.28,2262.41,2261.56,2264.95,2261.55,2266.28,2264.94,2265.99,2264.08,2268.2,2266.0,2268.93,2265.2,2269.38,2268.94,2270.62,2267.9,2271.49
SHORT,2024-01-27 13:21:16,2268.76,-0.6509482177666541,-1.1185095271991128,2257.8109499433417,74.81326428381333,2265.71,2264.07,2263.91,2266.8,2264.07,2263.67,2263.65,2266.66,2263.67,2257.46,2254.36,2263.68,2257.45,2258.57,2253.41,2258.66,2258.57,2258.45,2256.53,2259.25,2258.45,2255.42,2254.17,2258.46,2255.43,2256.48,2252.76,2256.92,2256.49,2256.75,2254.08,2256.77,2256.76,2253.95,2251.4,2260.4,2253.95,2258.81,2251.58,2260.56,2258.81,2261.55,2258.28,2262.41,2261.56,2264.95,2261.55,2266.28,2264.94,2265.99,2264.08,2268.2,2266.0,2268.93,2265.2,2269.38,2268.94,2268.67,2267.9,2271.49
SHORT,2024-01-27 13:32:28,2266.74,-0.4531433999859473,-1.0795092592005544,2257.954238651453,65.44790759031564,2264.07,2263.67,2263.65,2266.66,2263.67,2257.46,2254.36,2263.68,2257.45,2258.57,2253.41,2258.66,2258.57,2258.45,2256.53,2259.25,2258.45,2255.42,2254.17,2258.46,2255.43,2256.48,2252.76,2256.92,2256.49,2256.75,2254.08,2256.77,2256.76,2253.95,2251.4,2260.4,2253.95,2258.81,2251.58,2260.56,2258.81,2261.55,2258.28,2262.41,2261.56,2264.95,2261.55,2266.28,2264.94,2265.99,2264.08,2268.2,2266.0,2268.93,2265.2,2269.38,2268.94,2266.88,2266.49,2271.49,2266.87,2266.96,2266.27,2267.56
SHORT,2024-01-27 13:34:45,2265.98,-0.5249382717802291,-1.0848273978519827,2257.9366148890767,60.571069609283335,2264.07,2263.67,2263.65,2266.66,2263.67,2257.46,2254.36,2263.68,2257.45,2258.57,2253.41,2258.66,2258.57,2258.45,2256.53,2259.25,2258.45,2255.42,2254.17,2258.46,2255.43,2256.48,2252.76,2256.92,2256.49,2256.75,2254.08,2256.77,2256.76,2253.95,2251.4,2260.4,2253.95,2258.81,2251.58,2260.56,2258.81,2261.55,2258.28,2262.41,2261.56,2264.95,2261.55,2266.28,2264.94,2265.99,2264.08,2268.2,2266.0,2268.93,2265.2,2269.38,2268.94,2266.88,2266.49,2271.49,2266.87,2265.98,2265.42,2267.56
LONG,2024-01-27 13:36:56,2264.54,-0.6198670467092597,-1.0918591589578368,2257.9176049880866,57.05923537870581,2264.07,2263.67,2263.65,2266.66,2263.67,2257.46,2254.36,2263.68,2257.45,2258.57,2253.41,2258.66,2258.57,2258.45,2256.53,2259.25,2258.45,2255.42,2254.17,2258.46,2255.43,2256.48,2252.76,2256.92,2256.49,2256.75,2254.08,2256.77,2256.76,2253.95,2251.4,2260.4,2253.95,2258.81,2251.58,2260.56,2258.81,2261.55,2258.28,2262.41,2261.56,2264.95,2261.55,2266.28,2264.94,2265.99,2264.08,2268.2,2266.0,2268.93,2265.2,2269.38,2268.94,2266.88,2266.49,2271.49,2266.87,2265.22,2264.53,2267.56
SHORT,2024-01-27 13:41:18,2266.56,-0.4778727447151141,-1.081341062513826,2257.9481000375918,63.515668910240585,2264.07,2263.67,2263.65,2266.66,2263.67,2257.46,2254.36,2263.68,2257.45,2258.57,2253.41,2258.66,2258.57,2258.45,2256.53,2259.25,2258.45,2255.42,2254.17,2258.46,2255.43,2256.48,2252.76,2256.92,2256.49,2256.75,2254.08,2256.77,2256.76,2253.95,2251.4,2260.4,2253.95,2258.81,2251.58,2260.56,2258.81,2261.55,2258.28,2262.41,2261.56,2264.95,2261.55,2266.28,2264.94,2265.99,2264.08,2268.2,2266.0,2268.93,2265.2,2269.38,2268.94,2266.88,2266.49,2271.49,2266.87,2266.57,2264.53,2267.56
SHORT,2024-01-27 13:47:02,2265.15,-0.2871973170003912,-1.0196157917707467,2258.1045635012133,55.83984076667113,2263.67,2257.46,2254.36,2263.68,2257.45,2258.57,2253.41,2258.66,2258.57,2258.45,2256.53,2259.25,2258.45,2255.42,2254.17,2258.46,2255.43,2256.48,2252.76,2256.92,2256.49,2256.75,2254.08,2256.77,2256.76,2253.95,2251.4,2260.4,2253.95,2258.81,2251.58,2260.56,2258.81,2261.55,2258.28,2262.41,2261.56,2264.95,2261.55,2266.28,2264.94,2265.99,2264.08,2268.2,2266.0,2268.93,2265.2,2269.38,2268.94,2266.88,2266.49,2271.49,2266.87,2267.1,2264.53,2267.61,2267.1,2265.33,2265.15,2267.1
SHORT,2024-01-27 13:51:13,2264.28,-0.36936255916543814,-1.0257021060051945,2258.0839694418073,51.258932574703074,2263.67,2257.46,2254.36,2263.68,2257.45,2258.57,2253.41,2258.66,2258.57,2258.45,2256.53,2259.25,2258.45,2255.42,2254.17,2258.46,2255.43,2256.48,2252.76,2256.92,2256.49,2256.75,2254.08,2256.77,2256.76,2253.95,2251.4,2260.4,2253.95,2258.81,2251.58,2260.56,2258.81,2261.55,2258.28,2262.41,2261.56,2264.95,2261.55,2266.28,2264.94,2265.99,2264.08,2268.2,2266.0,2268.93,2265.2,2269.38,2268.94,2266.88,2266.49,2271.49,2266.87,2267.1,2264.53,2267.61,2267.1,2264.29,2263.98,2267.1
SHORT,2024-01-27 13:55:28,2263.37,-0.43158478138775536,-1.030311159503144,2258.068523897253,48.287902671791926,2263.67,2257.46,2254.36,2263.68,2257.45,2258.57,2253.41,2258.66,2258.57,2258.45,2256.53,2259.25,2258.45,2255.42,2254.17,2258.46,2255.43,2256.48,2252.76,2256.92,2256.49,2256.75,2254.08,2256.77,2256.76,2253.95,2251.4,2260.4,2253.95,2258.81,2251.58,2260.56,2258.81,2261.55,2258.28,2262.41,2261.56,2264.95,2261.55,2266.28,2264.94,2265.99,2264.08,2268.2,2266.0,2268.93,2265.2,2269.38,2268.94,2266.88,2266.49,2271.49,2266.87,2267.1,2264.53,2267.61,2267.1,2263.51,2262.76,2267.1
LONG,2024-01-27 14:01:00,2261.91,-0.5685881280064677,-0.9975867142028766,2258.138563910267,42.313729967142564,2257.45,2258.57,2253.41,2258.66,2258.57,2258.45,2256.53,2259.25,2258.45,2255.42,2254.17,2258.46,2255.43,2256.48,2252.76,2256.92,2256.49,2256.75,2254.08,2256.77,2256.76,2253.95,2251.4,2260.4,2253.95,2258.81,2251.58,2260.56,2258.81,2261.55,2258.28,2262.41,2261.56,2264.95,2261.55,2266.28,2264.94,2265.99,2264.08,2268.2,2266.0,2268.93,2265.2,2269.38,2268.94,2266.88,2266.49,2271.49,2266.87,2267.1,2264.53,2267.61,2267.1,2263.23,2262.76,2267.1,2263.23,2261.88,2261.88,2263.23
SHORT,2024-01-27 14:02:31,2263.28,-0.4577049371237081,-0.9893731445078574,2258.166286682544,48.03003641695959,2257.45,2258.57,2253.41,2258.66,2258.57,2258.45,2256.53,2259.25,2258.45,2255.42,2254.17,2258.46,2255.43,2256.48,2252.76,2256.92,2256.49,2256.75,2254.08,2256.77,2256.76,2253.95,2251.4,2260.4,2253.95,2258.81,2251.58,2260.56,2258.81,2261.55,2258.28,2262.41,2261.56,2264.95,2261.55,2266.28,2264.94,2265.99,2264.08,2268.2,2266.0,2268.93,2265.2,2269.38,2268.94,2266.88,2266.49,2271.49,2266.87,2267.1,2264.53,2267.61,2267.1,2263.23,2262.76,2267.1,2263.23,2263.99,2261.44,2263.99
LONG,2024-01-27 14:06:01,2263.06,-0.47525479467367404,-0.990673133956003,2258.1712371775934,48.736646321298565,2257.45,2258.57,2253.41,2258.66,2258.57,2258.45,2256.53,2259.25,2258.45,2255.42,2254.17,2258.46,2255.43,2256.48,2252.76,2256.92,2256.49,2256.75,2254.08,2256.77,2256.76,2253.95,2251.4,2260.4,2253.95,2258.81,2251.58,2260.56,2258.81,2261.55,2258.28,2262.41,2261.56,2264.95,2261.55,2266.28,2264.94,2265.99,2264.08,2268.2,2266.0,2268.93,2265.2,2269.38,2268.94,2266.88,2266.49,2271.49,2266.87,2267.1,2264.53,2267.61,2267.1,2263.23,2262.76,2267.1,2263.23,2263.55,2261.44,2264.1
SHORT,2024-01-27 14:19:16,2264.8,-0.2670755615554299,-0.9298511501773737,2258.319592249658,54.08237937699588,2258.57,2258.45,2256.53,2259.25,2258.45,2255.42,2254.17,2258.46,2255.43,2256.48,2252.76,2256.92,2256.49,2256.75,2254.08,2256.77,2256.76,2253.95,2251.4,2260.4,2253.95,2258.81,2251.58,2260.56,2258.81,2261.55,2258.28,2262.41,2261.56,2264.95,2261.55,2266.28,2264.94,2265.99,2264.08,2268.2,2266.0,2268.93,2265.2,2269.38,2268.94,2266.88,2266.49,2271.49,2266.87,2267.1,2264.53,2267.61,2267.1,2263.23,2262.76,2267.1,2263.23,2264.38,2261.44,2264.66,2264.39,2264.84,2263.89,2264.84
LONG,2024-01-27 14:27:47,2263.95,-0.32929778377729235,-0.9344602036752895,2258.3035526456974,50.432732585922714,2258.57,2258.45,2256.53,2259.25,2258.45,2255.42,2254.17,2258.46,2255.43,2256.48,2252.76,2256.92,2256.49,2256.75,2254.08,2256.77,2256.76,2253.95,2251.4,2260.4,2253.95,2258.81,2251.58,2260.56,2258.81,2261.55,2258.28,2262.41,2261.56,2264.95,2261.55,2266.28,2264.94,2265.99,2264.08,2268.2,2266.0,2268.93,2265.2,2269.38,2268.94,2266.88,2266.49,2271.49,2266.87,2267.1,2264.53,2267.61,2267.1,2263.23,2262.76,2267.1,2263.23,2264.38,2261.44,2264.66,2264.39,2264.03,2263.33,2265.52
LONG,2024-01-27 14:33:29,2265.58,-0.11794434861803893,-0.8694910521749913,2258.463754818579,57.563187063871304,2258.45,2255.42,2254.17,2258.46,2255.43,2256.48,2252.76,2256.92,2256.49,2256.75,2254.08,2256.77,2256.76,2253.95,2251.4,2260.4,2253.95,2258.81,2251.58,2260.56,2258.81,2261.55,2258.28,2262.41,2261.56,2264.95,2261.55,2266.28,2264.94,2265.99,2264.08,2268.2,2266.0,2268.93,2265.2,2269.38,2268.94,2266.88,2266.49,2271.49,2266.87,2267.1,2264.53,2267.61,2267.1,2263.23,2262.76,2267.1,2263.23,2264.38,2261.44,2264.66,2264.39,2264.84,2263.33,2265.52,2264.84,2265.58,2264.56,2265.59
LONG,2024-01-27 14:42:26,2267.86,0.0623405516666935,-0.856136615116863,2258.507913234421,65.35442271187925,2258.45,2255.42,2254.17,2258.46,2255.43,2256.48,2252.76,2256.92,2256.49,2256.75,2254.08,2256.77,2256.76,2253.95,2251.4,2260.4,2253.95,2258.81,2251.58,2260.56,2258.81,2261.55,2258.28,2262.41,2261.56,2264.95,2261.55,2266.28,2264.94,2265.99,2264.08,2268.2,2266.0,2268.93,2265.2,2269.38,2268.94,2266.88,2266.49,2271.49,2266.87,2267.1,2264.53,2267.61,2267.1,2263.23,2262.76,2267.1,2263.23,2264.38,2261.44,2264.66,2264.39,2264.84,2263.33,2265.52,2264.84,2267.8,2264.56,2268.0
LONG,2024-01-27 14:47:28,2269.26,0.46973208415647605,-0.7543677504346125,2258.7290740546,68.717629793014,2255.43,2256.48,2252.76,2256.92,2256.49,2256.75,2254.08,2256.77,2256.76,2253.95,2251.4,2260.4,2253.95,2258.81,2251.58,2260.56,2258.81,2261.55,2258.28,2262.41,2261.56,2264.95,2261.55,2266.28,2264.94,2265.99,2264.08,2268.2,2266.0,2268.93,2265.2,2269.38,2268.94,2266.88,2266.49,2271.49,2266.87,2267.1,2264.53,2267.61,2267.1,2263.23,2262.76,2267.1,2263.23,2264.38,2261.44,2264.66,2264.39,2264.84,2263.33,2265.52,2264.84,2268.5,2264.56,2268.51,2268.51,2269.0,2267.74,2269.27
SHORT,2024-01-27 14:50:48,2270.35,0.55668365110796,-0.7479268936233915,2258.7558067278674,72.13802413314706,2255.43,2256.48,2252.76,2256.92,2256.49,2256.75,2254.08,2256.77,2256.76,2253.95,2251.4,2260.4,2253.95,2258.81,2251.58,2260.56,2258.81,2261.55,2258.28,2262.41,2261.56,2264.95,2261.55,2266.28,2264.94,2265.99,2264.08,2268.2,2266.0,2268.93,2265.2,2269.38,2268.94,2266.88,2266.49,2271.49,2266.87,2267.1,2264.53,2267.61,2267.1,2263.23,2262.76,2267.1,2263.23,2264.38,2261.44,2264.66,2264.39,2264.84,2263.33,2265.52,2264.84,2268.5,2264.56,2268.51,2268.51,2270.37,2267.74,2270.37
SHORT,2024-01-27 14:52:15,2267.49,0.2918403462645074,-0.7675449162043879,2258.6898661338078,59.14907651068631,2255.43,2256.48,2252.76,2256.92,2256.49,2256.75,2254.08,2256.77,2256.76,2253.95,2251.4,2260.4,2253.95,2258.81,2251.58,2260.56,2258.81,2261.55,2258.28,2262.41,2261.56,2264.95,2261.55,2266.28,2264.94,2265.99,2264.08,2268.2,2266.0,2268.93,2265.2,2269.38,2268.94,2266.88,2266.49,2271.49,2266.87,2267.1,2264.53,2267.61,2267.1,2263.23,2262.76,2267.1,2263.23,2264.38,2261.44,2264.66,2264.39,2264.84,2263.33,2265.52,2264.84,2268.5,2264.56,2268.51,2268.51,2267.04,2266.58,2270.65
LONG,2024-01-27 14:56:58,2265.88,0.19930473372869528,-0.7743994060218555,2258.6651136585606,53.53888492645233,2255.43,2256.48,2252.76,2256.92,2256.49,2256.75,2254.08,2256.77,2256.76,2253.95,2251.4,2260.4,2253.95,2258.81,2251.58,2260.56,2258.81,2261.55,2258.28,2262.41,2261.56,2264.95,2261.55,2266.28,2264.94,2265.99,2264.08,2268.2,2266.0,2268.93,2265.2,2269.38,2268.94,2266.88,2266.49,2271.49,2266.87,2267.1,2264.53,2267.61,2267.1,2263.23,2262.76,2267.1,2263.23,2264.38,2261.44,2264.66,2264.39,2264.84,2263.33,2265.52,2264.84,2268.5,2264.56,2268.51,2268.51,2265.77,2265.77,2270.65
LONG,2024-01-27 15:07:22,2268.77,0.4726311176659692,-0.6841605957014221,2258.8597834988673,63.11395941925424,2256.49,2256.75,2254.08,2256.77,2256.76,2253.95,2251.4,2260.4,2253.95,2258.81,2251.58,2260.56,2258.81,2261.55,2258.28,2262.41,2261.56,2264.95,2261.55,2266.28,2264.94,2265.99,2264.08,2268.2,2266.0,2268.93,2265.2,2269.38,2268.94,2266.88,2266.49,2271.49,2266.87,2267.1,2264.53,2267.61,2267.1,2263.23,2262.76,2267.1,2263.23,2264.38,2261.44,2264.66,2264.39,2264.84,2263.33,2265.52,2264.84,2268.5,2264.56,2268.51,2268.51,2265.48,2265.08,2270.65,2265.48,2268.79,2264.76,2268.8
SHORT,2024-01-27 15:10:07,2269.99,0.5683576133919814,-0.677069744166162,2258.883545875105,65.89609135146304,2256.49,2256.75,2254.08,2256.77,2256.76,2253.95,2251.4,2260.4,2253.95,2258.81,2251.58,2260.56,2258.81,2261.55,2258.28,2262.41,2261.56,2264.95,2261.55,2266.28,2264.94,2265.99,2264.08,2268.2,2266.0,2268.93,2265.2,2269.38,2268.94,2266.88,2266.49,2271.49,2266.87,2267.1,2264.53,2267.61,2267.1,2263.23,2262.76,2267.1,2263.23,2264.38,2261.44,2264.66,2264.39,2264.84,2263.33,2265.52,2264.84,2268.5,2264.56,2268.51,2268.51,2265.48,2265.08,2270.65,2265.48,2270.05,2264.76,2270.05
SHORT,2024-01-27 15:15:02,2268.89,0.7205165660002422,-0.57950858860867,2259.0605367322005,63.38774556972052,2256.76,2253.95,2251.4,2260.4,2253.95,2258.81,2251.58,2260.56,2258.81,2261.55,2258.28,2262.41,2261.56,2264.95,2261.55,2266.28,2264.94,2265.99,2264.08,2268.2,2266.0,2268.93,2265.2,2269.38,2268.94,2266.88,2266.49,2271.49,2266.87,2267.1,2264.53,2267.61,2267.1,2263.23,2262.76,2267.1,2263.23,2264.38,2261.44,2264.66,2264.39,2264.84,2263.33,2265.52,2264.84,2268.5,2264.56,2268.51,2268.51,2265.48,2265.08,2270.65,2265.48,2268.9,2264.76,2270.5,2268.9,2268.9,2268.89,2268.9
SHORT,2024-01-27 15:17:53,2267.46,0.4764140018978651,-0.5975902600236609,2259.012021880715,54.02604133094879,2256.76,2253.95,2251.4,2260.4,2253.95,2258.81,2251.58,2260.56,2258.81,2261.55,2258.28,2262.41,2261.56,2264.95,2261.55,2266.28,2264.94,2265.99,2264.08,2268.2,2266.0,2268.93,2265.2,2269.38,2268.94,2266.88,2266.49,2271.49,2266.87,2267.1,2264.53,2267.61,2267.1,2263.23,2262.76,2267.1,2263.23,2264.38,2261.44,2264.66,2264.39,2264.84,2263.33,2265.52,2264.84,2268.5,2264.56,2268.51,2268.51,2265.48,2265.08,2270.65,2265.48,2268.9,2264.76,2270.5,2268.9,2266.76,2265.83,2269.38
SHORT,2024-01-27 15:26:21,2265.61,0.46444818993222725,-0.59847661646556,2259.0007347520022,51.099016091298836,2256.76,2253.95,2251.4,2260.4,2253.95,2258.81,2251.58,2260.56,2258.81,2261.55,2258.28,2262.41,2261.56,2264.95,2261.55,2266.28,2264.94,2265.99,2264.08,2268.2,2266.0,2268.93,2265.2,2269.38,2268.94,2266.88,2266.49,2271.49,2266.87,2267.1,2264.53,2267.61,2267.1,2263.23,2262.76,2267.1,2263.23,2264.38,2261.44,2264.66,2264.39,2264.84,2263.33,2265.52,2264.84,2268.5,2264.56,2268.51,2268.51,2265.48,2265.08,2270.65,2265.48,2268.9,2264.76,2270.5,2268.9,2265.94,2265.48,2269.38
SHORT,2024-01-27 15:40:58,2264.76,0.41269453242830423,-0.5200733948016719,2259.1235140461986,46.59185165682508,2253.95,2258.81,2251.58,2260.56,2258.81,2261.55,2258.28,2262.41,2261.56,2264.95,2261.55,2266.28,2264.94,2265.99,2264.08,2268.2,2266.0,2268.93,2265.2,2269.38,2268.94,2266.88,2266.49,2271.49,2266.87,2267.1,2264.53,2267.61,2267.1,2263.23,2262.76,2267.1,2263.23,2264.38,2261.44,2264.66,2264.39,2264.84,2263.33,2265.52,2264.84,2268.5,2264.56,2268.51,2268.51,2265.48,2265.08,2270.65,2265.48,2268.9,2264.76,2270.5,2268.9,2266.32,2265.26,2269.38,2266.33,2264.76,2264.62,2267.05
SHORT,2024-01-27 15:45:47,2263.57,0.21755175831094675,-0.46669290186516804,2259.2072931034154,42.367658326093974,2258.81,2261.55,2258.28,2262.41,2261.56,2264.95,2261.55,2266.28,2264.94,2265.99,2264.08,2268.2,2266.0,2268.93,2265.2,2269.38,2268.94,2266.88,2266.49,2271.49,2266.87,2267.1,2264.53,2267.61,2267.1,2263.23,2262.76,2267.1,2263.23,2264.38,2261.44,2264.66,2264.39,2264.84,2263.33,2265.52,2264.84,2268.5,2264.56,2268.51,2268.51,2265.48,2265.08,2270.65,2265.48,2268.9,2264.76,2270.5,2268.9,2266.32,2265.26,2269.38,2266.33,2264.54,2264.31,2267.05,2264.53,2263.57,2263.56,2264.88
LONG,2024-01-27 15:52:26,2262.34,0.11943210019080652,-0.4739610246888821,2259.182936667772,38.68909648007336,2258.81,2261.55,2258.28,2262.41,2261.56,2264.95,2261.55,2266.28,2264.94,2265.99,2264.08,2268.2,2266.0,2268.93,2265.2,2269.38,2268.94,2266.88,2266.49,2271.49,2266.87,2267.1,2264.53,2267.61,2267.1,2263.23,2262.76,2267.1,2263.23,2264.38,2261.44,2264.66,2264.39,2264.84,2263.33,2265.52,2264.84,2268.5,2264.56,2268.51,2268.51,2265.48,2265.08,2270.65,2265.48,2268.9,2264.76,2270.5,2268.9,2266.32,2265.26,2269.38,2266.33,2264.54,2264.31,2267.05,2264.53,2262.33,2262.13,2264.88
LONG,2024-01-27 15:55:23,2263.49,0.21196771272661863,-0.46710653487141457,2259.2059069648017,42.170466323450086,2258.81,2261.55,2258.28,2262.41,2261.56,2264.95,2261.55,2266.28,2264.94,2265.99,2264.08,2268.2,2266.0,2268.93,2265.2,2269.38,2268.94,2266.88,2266.49,2271.49,2266.87,2267.1,2264.53,2267.61,2267.1,2263.23,2262.76,2267.1,2263.23,2264.38,2261.44,2264.66,2264.39,2264.84,2263.33,2265.52,2264.84,2268.5,2264.56,2268.51,2268.51,2265.48,2265.08,2270.65,2265.48,2268.9,2264.76,2270.5,2268.9,2266.32,2265.26,2269.38,2266.33,2264.54,2264.31,2267.05,2264.53,2263.5,2262.13,2264.88
SHORT,2024-01-27 15:58:45,2265.0,0.331625832384816,-0.45824297045228884,2259.2356099350986,47.89357612239138,2258.81,2261.55,2258.28,2262.41,2261.56,2264.95,2261.55,2266.28,2264.94,2265.99,2264.08,2268.2,2266.0,2268.93,2265.2,2269.38,2268.94,2266.88,2266.49,2271.49,2266.87,2267.1,2264.53,2267.61,2267.1,2263.23,2262.76,2267.1,2263.23,2264.38,2261.44,2264.66,2264.39,2264.84,2263.33,2265.52,2264.84,2268.5,2264.56,2268.51,2268.51,2265.48,2265.08,2270.65,2265.48,2268.9,2264.76,2270.5,2268.9,2266.32,2265.26,2269.38,2266.33,2264.54,2264.31,2267.05,2264.53,2265.0,2262.13,2265.0
LONG,2024-01-27 15:59:47,2263.48,0.2103722711312912,-0.46722471573032776,2259.205510925198,42.10514293147061,2258.81,2261.55,2258.28,2262.41,2261.56,2264.95,2261.55,2266.28,2264.94,2265.99,2264.08,2268.2,2266.0,2268.93,2265.2,2269.38,2268.94,2266.88,2266.49,2271.49,2266.87,2267.1,2264.53,2267.61,2267.1,2263.23,2262.76,2267.1,2263.23,2264.38,2261.44,2264.66,2264.39,2264.84,2263.33,2265.52,2264.84,2268.5,2264.56,2268.51,2268.51,2265.48,2265.08,2270.65,2265.48,2268.9,2264.76,2270.5,2268.9,2266.32,2265.26,2269.38,2266.33,2264.54,2264.31,2267.05,2264.53,2263.48,2262.13,2265.01
LONG,2024-01-27 16:04:11,2264.35,0.13262096277776436,-0.42284641586812965,2259.304613639942,45.89159244760458,2261.56,2264.95,2261.55,2266.28,2264.94,2265.99,2264.08,2268.2,2266.0,2268.93,2265.2,2269.38,2268.94,2266.88,2266.49,2271.49,2266.87,2267.1,2264.53,2267.61,2267.1,2263.23,2262.76,2267.1,2263.23,2264.38,2261.44,2264.66,2264.39,2264.84,2263.33,2265.52,2264.84,2268.5,2264.56,2268.51,2268.51,2265.48,2265.08,2270.65,2265.48,2268.9,2264.76,2270.5,2268.9,2266.32,2265.26,2269.38,2266.33,2264.54,2264.31,2267.05,2264.53,2263.47,2262.13,2265.01,2263.47,2264.23,2262.45,2264.85
LONG,2024-01-27 16:08:23,2265.44,0.2195725297297031,-0.41640555905687493,2259.3287720557837,51.06994124008787,2261.56,2264.95,2261.55,2266.28,2264.94,2265.99,2264.08,2268.2,2266.0,2268.93,2265.2,2269.38,2268.94,2266.88,2266.49,2271.49,2266.87,2267.1,2264.53,2267.61,2267.1,2263.23,2262.76,2267.1,2263.23,2264.38,2261.44,2264.66,2264.39,2264.84,2263.33,2265.52,2264.84,2268.5,2264.56,2268.51,2268.51,2265.48,2265.08,2270.65,2265.48,2268.9,2264.76,2270.5,2268.9,2266.32,2265.26,2269.38,2266.33,2264.54,2264.31,2267.05,2264.53,2263.47,2262.13,2265.01,2263.47,2265.44,2262.45,2265.45
SHORT,2024-01-27 16:24:09,2267.0,0.3277912546545849,-0.3631948367737404,2259.4738841080075,57.50962321921398,2264.94,2265.99,2264.08,2268.2,2266.0,2268.93,2265.2,2269.38,2268.94,2266.88,2266.49,2271.49,2266.87,2267.1,2264.53,2267.61,2267.1,2263.23,2262.76,2267.1,2263.23,2264.38,2261.44,2264.66,2264.39,2264.84,2263.33,2265.52,2264.84,2268.5,2264.56,2268.51,2268.51,2265.48,2265.08,2270.65,2265.48,2268.9,2264.76,2270.5,2268.9,2266.32,2265.26,2269.38,2266.33,2264.54,2264.31,2267.05,2264.53,2263.47,2262.13,2265.01,2263.47,2265.09,2262.45,2266.1,2265.09,2267.0,2265.05,2267.0
SHORT,2024-01-27 16:25:45,2265.68,0.22169438855780754,-0.3710538638920203,2259.447745494146,52.37018522321113,2264.94,2265.99,2264.08,2268.2,2266.0,2268.93,2265.2,2269.38,2268.94,2266.88,2266.49,2271.49,2266.87,2267.1,2264.53,2267.61,2267.1,2263.23,2262.76,2267.1,2263.23,2264.38,2261.44,2264.66,2264.39,2264.84,2263.33,2265.52,2264.84,2268.5,2264.56,2268.51,2268.51,2265.48,2265.08,2270.65,2265.48,2268.9,2264.76,2270.5,2268.9,2266.32,2265.26,2269.38,2266.33,2264.54,2264.31,2267.05,2264.53,2263.47,2262.13,2265.01,2263.47,2265.09,2262.45,2266.1,2265.09,2265.68,2265.05,2267.0
LONG,2024-01-27 16:31:32,2264.4,0.08842691103609468,-0.34172359994700774,2259.5289233600593,46.19347138859317,2266.0,2268.93,2265.2,2269.38,2268.94,2266.88,2266.49,2271.49,2266.87,2267.1,2264.53,2267.61,2267.1,2263.23,2262.76,2267.1,2263.23,2264.38,2261.44,2264.66,2264.39,2264.84,2263.33,2265.52,2264.84,2268.5,2264.56,2268.51,2268.51,2265.48,2265.08,2270.65,2265.48,2268.9,2264.76,2270.5,2268.9,2266.32,2265.26,2269.38,2266.33,2264.54,2264.31,2267.05,2264.53,2263.47,2262.13,2265.01,2263.47,2265.09,2262.45,2266.1,2265.09,2264.81,2264.81,2267.0,2264.82,2264.4,2264.4,2265.58
LONG,2024-01-27 16:32:54,2265.62,0.18574884835788907,-0.33451456755280073,2259.553081775901,52.67523067864883,2266.0,2268.93,2265.2,2269.38,2268.94,2266.88,2266.49,2271.49,2266.87,2267.1,2264.53,2267.61,2267.1,2263.23,2262.76,2267.1,2263.23,2264.38,2261.44,2264.66,2264.39,2264.84,2263.33,2265.52,2264.84,2268.5,2264.56,2268.51,2268.51,2265.48,2265.08,2270.65,2265.48,2268.9,2264.76,2270.5,2268.9,2266.32,2265.26,2269.38,2266.33,2264.54,2264.31,2267.05,2264.53,2263.47,2262.13,2265.01,2263.47,2265.09,2262.45,2266.1,2265.09,2264.81,2264.81,2267.0,2264.82,2265.61,2264.4,2265.62
LONG,2024-01-27 16:41:57,2267.54,0.34928161189054663,-0.3224010295133446,2259.593675835307,60.970061260017694,2266.0,2268.93,2265.2,2269.38,2268.94,2266.88,2266.49,2271.49,2266.87,2267.1,2264.53,2267.61,2267.1,2263.23,2262.76,2267.1,2263.23,2264.38,2261.44,2264.66,2264.39,2264.84,2263.33,2265.52,2264.84,2268.5,2264.56,2268.51,2268.51,2265.48,2265.08,2270.65,2265.48,2268.9,2264.76,2270.5,2268.9,2266.32,2265.26,2269.38,2266.33,2264.54,2264.31,2267.05,2264.53,2263.47,2262.13,2265.01,2263.47,2265.09,2262.45,2266.1,2265.09,2264.81,2264.81,2267.0,2264.82,2267.67,2264.4,2267.94
LONG,2024-01-27 16:46:03,2268.81,0.625058962310959,-0.24910014634184324,2259.7771419152273,63.00097049306412,2268.94,2266.88,2266.49,2271.49,2266.87,2267.1,2264.53,2267.61,2267.1,2263.23,2262.76,2267.1,2263.23,2264.38,2261.44,2264.66,2264.39,2264.84,2263.33,2265.52,2264.84,2268.5,2264.56,2268.51,2268.51,2265.48,2265.08,2270.65,2265.48,2268.9,2264.76,2270.5,2268.9,2266.32,2265.26,2269.38,2266.33,2264.54,2264.31,2267.05,2264.53,2263.47,2262.13,2265.01,2263.47,2265.09,2262.45,2266.1,2265.09,2264.81,2264.81,2267.0,2264.82,2268.24,2264.4,2268.25,2268.24,2268.17,2268.17,2268.82
LONG,2024-01-27 17:15:15,2269.48,0.9623492119976618,-0.09420558891950008,2260.1448002661605,66.60313559670712,2267.1,2263.23,2262.76,2267.1,2263.23,2264.38,2261.44,2264.66,2264.39,2264.84,2263.33,2265.52,2264.84,2268.5,2264.56,2268.51,2268.51,2265.48,2265.08,2270.65,2265.48,2268.9,2264.76,2270.5,2268.9,2266.32,2265.26,2269.38,2266.33,2264.54,2264.31,2267.05,2264.53,2263.47,2262.13,2265.01,2263.47,2265.09,2262.45,2266.1,2265.09,2264.81,2264.81,2267.0,2264.82,2268.24,2264.4,2268.25,2268.24,2267.79,2267.52,2268.96,2267.8,2269.32,2267.35,2269.33,2269.32,2269.48,2269.32,2269.48
LONG,2024-01-27 17:16:36,2270.41,1.0373349669830532,-0.08865108855021182,2260.1634141275467,69.78026231103743,2267.1,2263.23,2262.76,2267.1,2263.23,2264.38,2261.44,2264.66,2264.39,2264.84,2263.33,2265.52,2264.84,2268.5,2264.56,2268.51,2268.51,2265.48,2265.08,2270.65,2265.48,2268.9,2264.76,2270.5,2268.9,2266.32,2265.26,2269.38,2266.33,2264.54,2264.31,2267.05,2264.53,2263.47,2262.13,2265.01,2263.47,2265.09,2262.45,2266.1,2265.09,2264.81,2264.81,2267.0,2264.82,2268.24,2264.4,2268.25,2268.24,2267.79,2267.52,2268.96,2267.8,2269.32,2267.35,2269.33,2269.32,2270.41,2269.32,2270.96
LONG,2024-01-27 17:34:20,2271.54,1.300510554307948,0.012498946344178405,2260.382481899945,73.63666424999151,2263.23,2264.38,2261.44,2264.66,2264.39,2264.84,2263.33,2265.52,2264.84,2268.5,2264.56,2268.51,2268.51,2265.48,2265.08,2270.65,2265.48,2268.9,2264.76,2270.5,2268.9,2266.32,2265.26,2269.38,2266.33,2264.54,2264.31,2267.05,2264.53,2263.47,2262.13,2265.01,2263.47,2265.09,2262.45,2266.1,2265.09,2264.81,2264.81,2267.0,2264.82,2268.24,2264.4,2268.25,2268.24,2267.79,2267.52,2268.96,2267.8,2269.32,2267.35,2269.33,2269.32,2270.1,2269.32,2271.32,2270.1,2271.55,2270.01,2271.7
